id, location_id, createdAt, transaction_id, tender_id, created_at, reason, refunded_amount, refunded_currency, refunded_processing_amount, refunded_processing_currency, status, weblincId
oXuw7l6vBZMIOozsff65S, 2018-06-20T23:57:45Z, 432CD4YSJ4PYT, pdL7U2yJffuxlJHx4vr1xGveV, FEY21SzYzhvUbagvO62Q2zMF, 2018-06-20T23:57:45Z, Refund via API, 40734, USD, 900, USD, APPROVED, {Weblinc Order ID: W7303037380}
YvqgsBFAZ7rYaoaEW5B6S, 2018-06-20T23:53:21Z, 432CD4YSJ4PYT, LouMNjqguTHXRjiyDT1Us88eV, axuwfCoP7Cyb6LBkPSXeMwMF, 2018-06-20T23:53:21Z, Refund via API, 111, USD, 2, USD, APPROVED, {Weblinc Order ID: W9078107036}
g11V0LuzRq1gILG0nRm5S, 2018-06-20T23:51:32Z, 432CD4YSJ4PYT, R9X2Ekxh1rKeeeaR5WI6ECreV, hgr1sPJebzQFJ72jQD2VFxMF, 2018-06-20T23:51:32Z, Refund via API, 21582, USD, 477, USD, APPROVED, {Weblinc Order ID: W6312740053}
MjhHnyGNa9TJTHp1Bbz5S, 2018-06-20T23:51:28Z, 432CD4YSJ4PYT, lTfbkJm6RXJTrg2fnZxWJbmeV, DsUPocSS0DZtSEgFHZTsFyMF, 2018-06-20T23:51:28Z, Refund via API, 111, USD, 2, USD, APPROVED, {Weblinc Order ID: W9914076293}
wlNNJYwDztRHJnHwuTv5S, 2018-06-20T23:44:08Z, 432CD4YSJ4PYT, 9npc773XK5gRV45aZ2mCRbxeV, jCnXliSGSWNmQ1lwvvHM7sMF, 2018-06-20T23:44:08Z, ApplePay test order, 109, USD, 2, USD, APPROVED, {Weblinc Order ID: W1086717254}
SGLSk72hqzz7cyhaHHq5S, 2018-06-20T23:42:38Z, 432CD4YSJ4PYT, HmAbAVRi1SeUqfu3lZw4dbxeV, G2HkxyiwQDiTTSrY8oqY4uMF, 2018-06-20T23:42:38Z, Returned goods, 18669, USD, 413, USD, APPROVED, {Weblinc Order ID: W3710210365}
wlRnxYx73jDNsSSvVXx5S, 2018-06-20T23:34:30Z, 432CD4YSJ4PYT, Hu0XsY275vEgCoyVJvknQAieV, m2ZJESaFlXWuyrMmbzGGYyMF, 2018-06-20T23:34:30Z, Refund via API, 7800, USD, 172, USD, APPROVED, {Weblinc Order ID: W7950955920}
w3uhXXH9U8Dfr9RVtyn5S, 2018-06-20T23:18:41Z, 432CD4YSJ4PYT, jQYK3ijSYXlAY10S9IFdS43eV, 2oQhZrtNV13Sp9xL4VewnwMF, 2018-06-20T23:18:41Z, Refund via API, 14600, USD, 323, USD, APPROVED, {Weblinc Order ID: W8158595798}
iokGXvpaJ7utcp3Yqsq5S, 2018-06-20T23:18:35Z, 432CD4YSJ4PYT, 7e5yXkJYuDMGTCZw5G5qLjueV, Kc97fhp721R73OJJfIeVqwMF, 2018-06-20T23:18:35Z, Refund via API, 24800, USD, 548, USD, APPROVED, {Weblinc Order ID: W8692682363}
qSPilk6i0BYXnz1G5wn5S, 2018-06-20T23:17:26Z, 432CD4YSJ4PYT, llkdUixqlxLKYoKASFd7lreeV, Ze6B5iiikKmvCOjvWDrSwwMF, 2018-06-20T23:17:26Z, Refund via API, 37671, USD, 833, USD, APPROVED, {Weblinc Order ID: W9231265122}
YPQTUlYCWKbVUpGhTU45S, 2018-06-20T23:17:04Z, 432CD4YSJ4PYT, ZTe5uEJAAZrD0wYl5XDRhDfeV, mkHnHDIninhVGNBNeeS1iyMF, 2018-06-20T23:17:04Z, Refund via API, 7350, USD, 163, USD, APPROVED, {Weblinc Order ID: W3085737928}
QjSwdB2hWDkzDivq8qu5S, 2018-06-20T23:16:28Z, 432CD4YSJ4PYT, zOHAzZPhLyFgteaaUdSW1C8eV, LSEhG21ewxuEwd9fgwW1mwMF, 2018-06-20T23:16:28Z, Refund via API, 16168, USD, 357, USD, APPROVED, {Weblinc Order ID: W6607872239}
yCDtR1rPLSPLwXduBW25S, 2018-06-20T23:16:15Z, 432CD4YSJ4PYT, zOHAzZPhLyFgteaaUdSW1C8eV, LSEhG21ewxuEwd9fgwW1mwMF, 2018-06-20T23:16:15Z, Refund via API, 18885, USD, 418, USD, APPROVED, {Weblinc Order ID: W6607872239}
yyTdxIpSJ8vyHq1xy3o5S, 2018-06-20T23:15:55Z, 432CD4YSJ4PYT, fsNrEbYLCfHIFs4mWyGaNbreV, xdkkQyeh2TUwuQawromhpxMF, 2018-06-20T23:15:55Z, Refund via API, 29700, USD, 657, USD, APPROVED, {Weblinc Order ID: W8246961863}
8BAZ9MOjxgc82LQJdKB6S, 2018-06-20T23:15:03Z, 432CD4YSJ4PYT, V9uiub025r4GBbVPXV638pxeV, TZhudcz8jr6sge1Gs1iBixMF, 2018-06-20T23:15:03Z, Refund via API, 27872, USD, 616, USD, APPROVED, {Weblinc Order ID: W5502093288}
u8xZLDYGmXGrgIjBYY65S, 2018-06-20T23:13:49Z, 432CD4YSJ4PYT, NhIPBMVF9gFc2HLjnQaqCYpeV, fgAOjwnu42tgCOWBt1sUgsMF, 2018-06-20T23:13:49Z, ApplePay Test Order, 109, USD, 2, USD, APPROVED, {Weblinc Order ID: W4974133768}
qgAnTRZy4icE8fD9OF25S, 2018-06-20T23:13:32Z, 432CD4YSJ4PYT, Ts2e8Rvs7rQ33blUQwhpQg3eV, VOu0Vc3YaVUuA5j91P3c5tMF, 2018-06-20T23:13:32Z, Refund via API, 50445, USD, 1115, USD, APPROVED, {Weblinc Order ID: W7944037964}
e83oo492pgoYv9uLK6m5S, 2018-06-20T23:13:08Z, 432CD4YSJ4PYT, zwGVqDs5cZrsEDeVhQCN3YmeV, 0aU00JejP0cjnUdkKS0b6yMF, 2018-06-20T23:13:08Z, Refund via API, 27001, USD, 597, USD, APPROVED, {Weblinc Order ID: W3169951343}
CyD3ZqN0qeA9g5fJVjp5S, 2018-06-20T23:13:02Z, 432CD4YSJ4PYT, 5fs7zakZXOBoAFdHLHUQS6zeV, iD55V8cF4scQhwrrws89ouMF, 2018-06-20T23:13:02Z, Refund via API, 19800, USD, 438, USD, APPROVED, {Weblinc Order ID: W6377781377}
Aln6y9JLbFFFfhwdM3m5S, 2018-06-20T23:12:10Z, 432CD4YSJ4PYT, pp1pY71WB3D4m90bPlLk6xmeV, aBpd9d0eEwzuu0HAFtLyqsMF, 2018-06-20T23:12:10Z, Refund via API, 83200, USD, 1839, USD, APPROVED, {Weblinc Order ID: W8573666741}
0D5i2bduC8vZNcztemk5S, 2018-06-20T23:10:48Z, 432CD4YSJ4PYT, 9PDnNKBrUYjv2V4VSe0cALmeV, mKMVxSoFBdf5XZcmNvU26uMF, 2018-06-20T23:10:48Z, Refund via API, 9149, USD, 202, USD, APPROVED, {Weblinc Order ID: W7636841893}
gZ3DFwhfaRZncFKNp1p5S, 2018-06-20T23:10:17Z, 432CD4YSJ4PYT, PYn1ruZW8ZAPIbke5cNeURzeV, 9CyfDBpDu5NJYUcbM6sr2tMF, 2018-06-20T23:10:17Z, Refund via API, 45474, USD, 1005, USD, APPROVED, {Weblinc Order ID: W3413484835}
IN7bQELXfsCLPsHgzXr5S, 2018-06-20T23:09:59Z, 432CD4YSJ4PYT, dbRzDoQpPWVcN9hHzyTTkkveV, CZFODgyOSN5p8mOaUfloHvMF, 2018-06-20T23:09:59Z, Refund via API, 8112, USD, 179, USD, APPROVED, {Weblinc Order ID: W8664529081}
qivmnlf1ILTfcjv9X9k5S, 2018-06-20T23:09:18Z, 432CD4YSJ4PYT, JzaFsje1oDPueOv1j7zAQVweV, kKcQr7EjNtSvIjluLNG1juMF, 2018-06-20T23:09:18Z, ApplePay Test order, 118, USD, 3, USD, APPROVED, {Weblinc Order ID: W2512086478}
EFGW07Oihafr8wj9oJs5S, 2018-06-20T23:08:20Z, 432CD4YSJ4PYT, nQ5N0iotO2eOvQ1PvLgJgL8eV, QjoTaWqhMZRagQNjdZBriyMF, 2018-06-20T23:08:20Z, Refund via API, 21557, USD, 476, USD, APPROVED, {Weblinc Order ID: W3497667524}
APEmQOzdoPSIGstaxIr5S, 2018-06-20T23:07:41Z, 432CD4YSJ4PYT, hLS6Mcey60BRa8BCD5PF19peV, gpykbktoWhVam56x7sSCjuMF, 2018-06-20T23:07:41Z, Refund via API, 15800, USD, 349, USD, APPROVED, {Weblinc Order ID: W6042018602}
8dKRUVC4nzypSOh4xGx5S, 2018-06-20T23:07:21Z, 432CD4YSJ4PYT, VfvGa8ZPbyPCrgReG8ZOusAfV, 1SNCLq8gYajiqg0BobZBszMF, 2018-06-20T23:07:21Z, Refund via API, 23735, USD, 524, USD, APPROVED, {Weblinc Order ID: W8846848838}
QxLlXXGyCmwtDRCxXsx5S, 2018-06-20T23:06:42Z, 432CD4YSJ4PYT, lfFvabqUe6rhrQFZ4MiStdweV, rTs1a0FEPStBOlGiJxW83yMF, 2018-06-20T23:06:42Z, Refund via API, 72760, USD, 1608, USD, APPROVED, {Weblinc Order ID: W9717115015}
eieukRA5tyFiFBSAsQt5S, 2018-06-20T23:05:11Z, 432CD4YSJ4PYT, XKkiUmY11tyyOUdSoyb1xUpeV, fyrbkvIECAr6nhAJbpvuywMF, 2018-06-20T23:05:11Z, Refund via API, 5850, USD, 129, USD, APPROVED, {Weblinc Order ID: W2689664478}
URc4moXSNLi2uznh14u5S, 2018-06-20T23:04:52Z, 432CD4YSJ4PYT, HMTL8RsNCpLkiijAPQEySnreV, lyutBvH5k4pn718qmAikZwMF, 2018-06-20T23:04:52Z, Refund via API, 22200, USD, 491, USD, APPROVED, {Weblinc Order ID: W9133385309}
2gtdGVkl8NNTAJh4x425S, 2018-06-20T23:04:46Z, 432CD4YSJ4PYT, pb4YvOccWaF6fvxgja8VB62eV, oUIrbyD1eSCxzbimZjd7jwMF, 2018-06-20T23:04:46Z, Refund via API, 21557, USD, 476, USD, APPROVED, {Weblinc Order ID: W4693060654}
A9ldDDzGimjjuowwrA75S, 2018-06-20T23:03:44Z, 432CD4YSJ4PYT, 1ThCuLjzqDJpLzLPYSDDPW8eV, US2lSeSIftwEPgKTMtcQyuMF, 2018-06-20T23:03:44Z, Refund via API, 26846, USD, 593, USD, APPROVED, {Weblinc Order ID: W7154897934}
gNVV14tTl0k5ikTdfHn5S, 2018-06-20T23:03:16Z, 432CD4YSJ4PYT, 3opbDNfQdLdIxHDT3XhQOk8eV, ceQgCvtcSyytrw3X2NnosxMF, 2018-06-20T23:03:16Z, Refund via API, 17801, USD, 394, USD, APPROVED, {Weblinc Order ID: W9832836999}
Wmae8ICmdDUl2X4EoM15S, 2018-06-20T23:03:03Z, 432CD4YSJ4PYT, BbIx6gL7CGPyKr5yAhwcwIteV, PldnTVeijyEX5SY29Mu9ztMF, 2018-06-20T23:03:03Z, ApplePay Test order, 109, USD, 2, USD, APPROVED, {Weblinc Order ID: W6104826629}
0FSOowzHhezfawn7uL05S, 2018-06-20T23:03:01Z, 432CD4YSJ4PYT, rep8HBKGMLfT3peTFm0zm3meV, IcKWn6fSilY9lvFNsgmQJwMF, 2018-06-20T23:03:01Z, Refund via API, 39600, USD, 875, USD, APPROVED, {Weblinc Order ID: W4767302933}
sDXm1j8GyS4gma8Q5W15S, 2018-06-20T23:00:43Z, 432CD4YSJ4PYT, XIHsCtJRRKhk38vjE5DDo7ieV, Zq7BSeu6PRPtiaRHehY9LuMF, 2018-06-20T23:00:43Z, Refund via API, 21218, USD, 469, USD, APPROVED, {Weblinc Order ID: W3434867467}
QR9YU9GzVzr3AhHwNwt5S, 2018-06-20T22:59:53Z, 432CD4YSJ4PYT, 3oviDo5KkPNu9f8BiYH55r8eV, 7un8uTxR3zyhf55szNsRivMF, 2018-06-20T22:59:53Z, Refund via API, 50736, USD, 1121, USD, APPROVED, {Weblinc Order ID: W5537575001}
e0X8ZS8bZTHyF0Vlc6z5S, 2018-06-20T22:59:30Z, 432CD4YSJ4PYT, 5p3EYdJkXtmGjkH7v1vnfQ1eV, iZxKBt7nV5mBly4L5cnFqsMF, 2018-06-20T22:59:30Z, Refund via API, 47306, USD, 1045, USD, APPROVED, {Weblinc Order ID: W8821767432}
Md0E8y5t5HaJZjhUS9y5S, 2018-06-20T22:58:45Z, 432CD4YSJ4PYT, vOmpIZn028S5WTI07HyArIieV, Gg5PIxhxcN3MnZ4dxPgvGuMF, 2018-06-20T22:58:45Z, Refund via API, 21384, USD, 473, USD, APPROVED, {Weblinc Order ID: W2561006428}
kRqRW0hXRR9uyuSwmPp5S, 2018-06-20T22:58:02Z, 432CD4YSJ4PYT, PuezTKouNHyt69G5yYHWcm9eV, WM5qlnqpZ8whgB6K8N0oYwMF, 2018-06-20T22:58:02Z, Refund via API, 43115, USD, 952, USD, APPROVED, {Weblinc Order ID: W8257131329}
e8dVPJDWwNShGKIjhJ95S, 2018-06-20T22:57:34Z, 432CD4YSJ4PYT, RVBzzyqu7qnfdIBwyC6PAaleV, o3N06NICwj9FCT0nXe2oVsMF, 2018-06-20T22:57:34Z, Refund via API, 19800, USD, 438, USD, APPROVED, {Weblinc Order ID: W6348613820}
odRiuMVSdX00Ar2mqos5S, 2018-06-20T22:57:14Z, 432CD4YSJ4PYT, l7xKOS8ZuWGrdfsfPviHZLAfV, 72NjH6R19Yo6pUY5MmlUVxMF, 2018-06-20T22:57:14Z, Refund via API, 62400, USD, 1380, USD, APPROVED, {Weblinc Order ID: W8175163160}
a6vqNToEZi1VP8ZpSe95S, 2018-06-20T22:57:01Z, 432CD4YSJ4PYT, X2gJgz4EFbTanCwXOO4GifveV, iy8bKxjnND74FeexChcTyxMF, 2018-06-20T22:57:01Z, Refund via API, 9800, USD, 217, USD, APPROVED, {Weblinc Order ID: W4964409526}
qCnYy5cZss2Oc0umyNk5S, 2018-06-20T22:56:39Z, 432CD4YSJ4PYT, X64qNMEgTKZvHy5B1WCnb2zeV, V1dO7wr2lasZZuEzw5bSAvMF, 2018-06-20T22:56:39Z, Refund via API, 26846, USD, 594, USD, APPROVED, {Weblinc Order ID: W8585420338}
QBRcDnkSmEK4hL4lwBw5S, 2018-06-20T22:56:14Z, 432CD4YSJ4PYT, NVQkeJYY23uzmqntbIlMqJyeV, 6jUsBiHeeIl2Te1ffuTz2tMF, 2018-06-20T22:56:14Z, Refund via API, 13936, USD, 308, USD, APPROVED, {Weblinc Order ID: W2155777997}
isYdc6rDzMyWP7SmyVn5S, 2018-06-20T22:55:53Z, 432CD4YSJ4PYT, x9VLZOtonH9rLRKGrfzuJcweV, fS42C6MLMKbhtDz36cTH2vMF, 2018-06-20T22:55:53Z, Refund via API, 36450, USD, 806, USD, APPROVED, {Weblinc Order ID: W5814314798}
uAlmjaiql0j4dSvbvC55S, 2018-06-20T22:55:53Z, 432CD4YSJ4PYT, 7cIuzpv1AUvIEDNszsz9FlkeV, 5A1ORBErSIUNwM3gUxnEGzMF, 2018-06-20T22:55:53Z, Refund via API, 33277, USD, 735, USD, APPROVED, {Weblinc Order ID: W3980911601}
chMt6UClbQLodcO9oGq5S, 2018-06-20T22:54:43Z, 432CD4YSJ4PYT, vg3fHqwKtTwcfr4HXbFE9L8eV, eDGm3CuQU9DaGNy8fgvq8sMF, 2018-06-20T22:54:43Z, Refund via API, 39849, USD, 881, USD, APPROVED, {Weblinc Order ID: W3591433096}
s54fesTQIYHXYbruBIn5S, 2018-06-20T22:54:28Z, 432CD4YSJ4PYT, B5H7NFvApyHJNguXt3ZyE3reV, mo63sRL6iYE1uVeZm3vFMtMF, 2018-06-20T22:54:28Z, Refund via API, 48737, USD, 1077, USD, APPROVED, {Weblinc Order ID: W1866922116}
qoOieLe0P5Mc7QDsxb55S, 2018-06-20T22:54:25Z, 432CD4YSJ4PYT, N3fh53WwCLHyKvaTVLjlvtveV, w4dwzhtk44FZzrB0uNruKxMF, 2018-06-20T22:54:25Z, Refund via API, 54002, USD, 1193, USD, APPROVED, {Weblinc Order ID: W4258178303}
O2G3SbJhCg6VtZDsBsu5S, 2018-06-20T22:54:13Z, 432CD4YSJ4PYT, hzonAlpzeSBa5EjtRtEMem7eV, 9llZE2YKNPeQQcqpDkQTnuMF, 2018-06-20T22:54:13Z, Refund via API, 21800, USD, 482, USD, APPROVED, {Weblinc Order ID: W4328238514}
OeqTs1CKcrIg2MVydxt5S, 2018-06-20T22:53:47Z, 432CD4YSJ4PYT, BtrMFCXammWZgAWHJqP7LXleV, brhvrCtcVXpbgElqhKXTxtMF, 2018-06-20T22:53:47Z, Refund via API, 21800, USD, 482, USD, APPROVED, {Weblinc Order ID: W5666694660}
0nF7s9ObZnbh2tq7k715S, 2018-06-20T22:53:21Z, 432CD4YSJ4PYT, vQHjZvHJzdRffIEnQlUctNgeV, GSCDPLAXNcEGpeHyogzhIxMF, 2018-06-20T22:53:21Z, Refund via API, 4800, USD, 106, USD, APPROVED, {Weblinc Order ID: W4945200644}
MnJqLKpG2bNkVEFAtes5S, 2018-06-20T22:52:53Z, 432CD4YSJ4PYT, nKYieQbvMSilHB9zVitut51eV, ZE3b4QMZlkOslBjENmCyruMF, 2018-06-20T22:52:53Z, Refund via API, 19800, USD, 437, USD, APPROVED, {Weblinc Order ID: W4993248927}
iM85zNF0wn61SF3Jig65S, 2018-06-20T22:52:50Z, 432CD4YSJ4PYT, TU0Pmta1OfZ1ZNpMS4FfFY1eV, ggLZbWCvNCAk2zH6SkvRyuMF, 2018-06-20T22:52:50Z, Refund via API, 9600, USD, 212, USD, APPROVED, {Weblinc Order ID: W8269687737}
AhdUxDCWTfCH5kLGyQn5S, 2018-06-20T22:52:29Z, 432CD4YSJ4PYT, TuNjNlmkjZIu6iTYXQ3LFa4eV, UX7creIZnhssd8l2hhXwAuMF, 2018-06-20T22:52:29Z, Refund via API, 13888, USD, 307, USD, APPROVED, {Weblinc Order ID: W1708517225}
I7MWTCH52oyETMExnDy5S, 2018-06-20T22:52:08Z, 432CD4YSJ4PYT, ZJLqUdJ0J0aq1XSQfNgICzfeV, 55dHOGIu9XsIddGzhPyYWwMF, 2018-06-20T22:52:08Z, Refund via API, 9800, USD, 217, USD, APPROVED, {Weblinc Order ID: W2127999549}
yyHJiYNl299jfH4tEZv5S, 2018-06-20T22:52:05Z, 432CD4YSJ4PYT, rQ0TIqas2Az3uKp0MLkOLQ4eV, s4748hfC6bUWApcOeqXo0wMF, 2018-06-20T22:52:05Z, Refund via API, 7800, USD, 172, USD, APPROVED, {Weblinc Order ID: W4268273298}
0jzbcTWFfMlJ4RKCAz75S, 2018-06-20T22:51:40Z, 432CD4YSJ4PYT, DMeuTfZ1Mq5ehtlEUTu8wQneV, NVrN8BvRWHBYKHZ144ZLGyMF, 2018-06-20T22:51:40Z, Refund via API, 13936, USD, 308, USD, APPROVED, {Weblinc Order ID: W4411376129}
gbSAt2gYNDFmzPZoH435S, 2018-06-20T22:51:04Z, 432CD4YSJ4PYT, nWAFxFVOUVrwTZ0tI5dPo9zeV, UmTBvtLtX7sxH5YxRB98gxMF, 2018-06-20T22:51:04Z, Refund via API, 7800, USD, 172, USD, APPROVED, {Weblinc Order ID: W8972991733}
aAiCDodITDM44omerhk5S, 2018-06-20T22:50:54Z, 432CD4YSJ4PYT, ZDYwhMphVQeqjSgLdJdHyKpeV, 9omHrfCF4j7OjWsFQKJwnzMF, 2018-06-20T22:50:54Z, Refund via API, 33316, USD, 736, USD, APPROVED, {Weblinc Order ID: W3703374663}
SwYeOkG8XsBZRpj1XJ25S, 2018-06-20T22:50:27Z, 432CD4YSJ4PYT, r0QIGxSVKiVoztFSRBwSoSzeV, sgWCSOIPSmyqjzElLiixVyMF, 2018-06-20T22:50:27Z, Refund via API, 28200, USD, 623, USD, APPROVED, {Weblinc Order ID: W6520956454}
URG5uPGAiufsx5uEQ0w5S, 2018-06-20T22:49:43Z, 432CD4YSJ4PYT, hDiGjvMPWAZSRYM1ZoeumtheV, wWnBIAobNC0qLEKjoqRGezMF, 2018-06-20T22:49:43Z, Refund via API, 7008, USD, 155, USD, APPROVED, {Weblinc Order ID: W1935860363}
QzUXMQRkEjt5Zfz4wM25S, 2018-06-20T22:49:42Z, 432CD4YSJ4PYT, 1vXEx7QtZ0mU89Dwyce6mG8eV, U7Y7pSbt8HLzk8pJbozIQwMF, 2018-06-20T22:49:42Z, Refund via API, 6800, USD, 150, USD, APPROVED, {Weblinc Order ID: W1891856150}
wt3gpa1bflcslP5j9zp5S, 2018-06-20T22:49:38Z, 432CD4YSJ4PYT, dpcdN7Iqw2J67iyPBlZskeqeV, gjjpxoKYqvuXBsnvBuIjpyMF, 2018-06-20T22:49:38Z, Refund via API, 11700, USD, 258, USD, APPROVED, {Weblinc Order ID: W0461242472}
IzkKuow10DDTqYpfZBt5S, 2018-06-20T22:49:03Z, 432CD4YSJ4PYT, RT6eIDVmmfHGLglYJX1c6MueV, s4gCy5LV2zXMOzcADcSIVyMF, 2018-06-20T22:49:03Z, Refund via API, 27001, USD, 597, USD, APPROVED, {Weblinc Order ID: W9524020328}
oJLyvDKwT8GT9tg6wSB6S, 2018-06-20T22:47:43Z, 432CD4YSJ4PYT, 9jnC2z9fkBbZsVYr1gkzVY9eV, nrV0AKCxZo2FCWvboLpPhxMF, 2018-06-20T22:47:43Z, Refund via API, 10131, USD, 224, USD, APPROVED, {Weblinc Order ID: W1909561845}
sDbYl1t5azSvvlxDswt5S, 2018-06-20T22:45:38Z, 432CD4YSJ4PYT, HKOp4pNW8tZNSBQwO5VMeBueV, Be5rCmccHTzEZC6HuEJOvsMF, 2018-06-20T22:45:38Z, Refund via API, 19800, USD, 438, USD, APPROVED, {Weblinc Order ID: W8074596695}
6uZ089JLIjBdg94jv575S, 2018-06-20T22:45:32Z, 432CD4YSJ4PYT, 5v0FqNXslzLa13a8r5UWDhpeV, fyOfkiBZca3IGy1csBj7HuMF, 2018-06-20T22:45:32Z, Refund via API, 109, USD, 2, USD, APPROVED, {Weblinc Order ID: W6935359207}
aeFgrxQSZBvom1QQFS55S, 2018-06-20T22:44:59Z, 432CD4YSJ4PYT, ni0cDm9iHTRKesI26FvPBE3eV, GUBcIuCmt0XI5pED8fFX1yMF, 2018-06-20T22:44:59Z, Refund via API, 22800, USD, 504, USD, APPROVED, {Weblinc Order ID: W9044452414}
2mw5eayTVvB6aZBFV475S, 2018-06-20T22:43:18Z, 432CD4YSJ4PYT, rA22dLt6LnLGdOTvIibTRDseV, 2ADEvG3cLnKJhRF5eA7OKtMF, 2018-06-20T22:43:18Z, Refund via API, 27001, USD, 596, USD, APPROVED, {Weblinc Order ID: W6074246905}
SYyNWZ6gqNDcqtYAVz35S, 2018-06-20T22:42:52Z, 432CD4YSJ4PYT, hnoszcyYkTdhkhtfyftY3EieV, 3sMSsXMKcPdjErCqeIqoA0MF, 2018-06-20T22:42:52Z, Refund via API, 19800, USD, 437, USD, APPROVED, {Weblinc Order ID: W5397534457}
4Jv6tR0azG1kOx5wZX05S, 2018-06-20T22:42:45Z, 432CD4YSJ4PYT, PaqU8DZGSzCrIkEinHSYI5neV, nX39naQ1lDH86MmE2Cm8xsMF, 2018-06-20T22:42:45Z, Refund via API, 17819, USD, 394, USD, APPROVED, {Weblinc Order ID: W6170192717}
K6dTtAfBWXTBBY6qPCB6S, 2018-06-20T22:42:21Z, 432CD4YSJ4PYT, p9bPMDvM0idy9ONNfdkptsqeV, ZXdxSqTG4GnYKHRUleyW5wMF, 2018-06-20T22:42:21Z, Refund via API, 21800, USD, 482, USD, APPROVED, {Weblinc Order ID: W2436816784}
G0BQgfN5sIyHVKjl1Qx5S, 2018-06-20T22:42:14Z, 432CD4YSJ4PYT, vU3cqJEnCkKM5tSIn39yFskeV, OXzZTu4iaW7lo8FwtDwOssMF, 2018-06-20T22:42:14Z, Refund via API, 10706, USD, 237, USD, APPROVED, {Weblinc Order ID: W9030540827}
cznqyJPBQIzYR7CKakA6S, 2018-06-20T22:41:51Z, 432CD4YSJ4PYT, FzjvpQWT5CQ13a6SnkY9mn1eV, p5A7AAtQkewoqSHeYQwW0uMF, 2018-06-20T22:41:51Z, Refund via API, 22069, USD, 488, USD, APPROVED, {Weblinc Order ID: W6125179028}
svL7imjAIPssIqnbfPl5S, 2018-06-20T22:41:36Z, 432CD4YSJ4PYT, 7008uJ2KPFOSWSN9a9Jv1Y6eV, 46yH0lxFU3LPSC0rWzbnQsMF, 2018-06-20T22:41:36Z, Refund via API, 19800, USD, 438, USD, APPROVED, {Weblinc Order ID: W7688907467}
uw5Qj7UQJq7DC1LmeAk5S, 2018-06-20T22:41:09Z, 432CD4YSJ4PYT, RNlb1q21HyNsVbf1mMyG31weV, zcEKr01cUQe1fT5jnNvcgwMF, 2018-06-20T22:41:09Z, Refund via API, 7800, USD, 173, USD, APPROVED, {Weblinc Order ID: W5154716291}
22MBBS1POl5NpP2Xv9u5S, 2018-06-20T22:40:21Z, 432CD4YSJ4PYT, ZJzkbvnTcIWRxgoHmYkWB74eV, cBNhZckbvFtHyU8qRZOsuvMF, 2018-06-20T22:40:21Z, Refund via API, 9600, USD, 0, USD, REJECTED, {Weblinc Order ID: W1034406763}
YjOvTcK9iJ815BoT5Fl5S, 2018-06-20T22:38:58Z, 432CD4YSJ4PYT, 9npaa7tQ59s25imXMIlmciteV, BMVU0AiqyvJKiJURyd9EotMF, 2018-06-20T22:38:58Z, Refund via API, 23599, USD, 522, USD, APPROVED, {Weblinc Order ID: W1908537411}
egZyNIi2JX5o8lyOSo55S, 2018-06-20T22:38:44Z, 432CD4YSJ4PYT, zwuvjU5ER2zBW7OjZHNXrSAfV, y8KvXRSA2fAW8rwPjBPo7sMF, 2018-06-20T22:38:44Z, Refund via API, 35398, USD, 782, USD, APPROVED, {Weblinc Order ID: W9395477332}
gh3v0e48NDHoigNXQQ45S, 2018-06-20T22:38:19Z, 432CD4YSJ4PYT, 9pqUzBXAcXsb7eHfCdFGk2peV, 5Fe4VKgIchyBP1Mze47GizMF, 2018-06-20T22:38:19Z, Refund via API, 8522, USD, 188, USD, APPROVED, {Weblinc Order ID: W6726706421}
071IxbpebQnkmO5SJnB6S, 2018-06-20T22:38:03Z, 432CD4YSJ4PYT, T25J8mXfak62jQU6X3P4g5heV, 9NaYFWfGVYajBEJz23JketMF, 2018-06-20T22:38:03Z, Refund via API, 48558, USD, 1073, USD, APPROVED, {Weblinc Order ID: W3062607357}
Cm1rtWvNgti8rqBfah55S, 2018-06-20T22:37:57Z, 432CD4YSJ4PYT, NjVhDqnDSslSXG3HGV86gEteV, 0CG1lsATnbn3WxPn5dNNrxMF, 2018-06-20T22:37:57Z, Refund via API, 12800, USD, 282, USD, APPROVED, {Weblinc Order ID: W0467736206}
Gg7sz2rh3VhK8tQbxyr5S, 2018-06-20T22:37:55Z, 432CD4YSJ4PYT, HCq5OS0QhTWZsnaCODDkMqAfV, 9Zovu7qM22qCwi7MUW0J6xMF, 2018-06-20T22:37:55Z, Refund via API, 13936, USD, 308, USD, APPROVED, {Weblinc Order ID: W6070715818}
CgyvjQz8rczY5LFD7Uz5S, 2018-06-20T22:37:38Z, 432CD4YSJ4PYT, rsyz46bGAJEUKfg38kZhz3yeV, qRh04GfVU3pF91Q8JjgnxwMF, 2018-06-20T22:37:38Z, Refund via API, 13936, USD, 308, USD, APPROVED, {Weblinc Order ID: W4114516697}
aS5PwnY8tEs9fXMgrcz5S, 2018-06-20T22:37:14Z, 432CD4YSJ4PYT, fgN4zIwH7SBN8jmzsHzNNfmeV, 8G9fTDOP870EOIbcG4kwBtMF, 2018-06-20T22:37:14Z, Refund via API, 29178, USD, 645, USD, APPROVED, {Weblinc Order ID: W8475906904}
QbyAkLTMZZQ43pxVC965S, 2018-06-20T22:36:44Z, 432CD4YSJ4PYT, HoZXghj6Iwfee9D4SKgj1IneV, wxTeCfId4bQble9xCyqy6sMF, 2018-06-20T22:36:44Z, Refund via API, 21235, USD, 469, USD, APPROVED, {Weblinc Order ID: W3561058287}
aM4aPsa2QGvMurHWfk45S, 2018-06-20T22:36:27Z, 432CD4YSJ4PYT, tRu8OwYMl5oaLgl4iXfg2UjeV, 6IUuNvR2P3INJwg2K7cWDxMF, 2018-06-20T22:36:27Z, Refund via API, 7800, USD, 172, USD, APPROVED, {Weblinc Order ID: W1588977900}
MZQJ7cN1MBdfIBbudGq5S, 2018-06-20T22:36:17Z, 432CD4YSJ4PYT, d3R6mym7kpF9WEZwH7iGLjoeV, cYLxDrI0FcUbfeKbypiCQzMF, 2018-06-20T22:36:17Z, Refund via API, 42800, USD, 946, USD, APPROVED, {Weblinc Order ID: W9134483759}
QdJt1bpK1Dd31GOphPn5S, 2018-06-20T22:36:00Z, 432CD4YSJ4PYT, 3yIYTrwN2GH4cjIBEKUpamfeV, KdQK2NGAGLHu14CZ5dNSVtMF, 2018-06-20T22:36:00Z, Refund via API, 18600, USD, 411, USD, APPROVED, {Weblinc Order ID: W7648247989}
QFVF9KEmccu6hVr39hk5S, 2018-06-20T22:35:39Z, 432CD4YSJ4PYT, 5ZdLK4k69dTjoJY3cE2rGbAfV, C3ngmP4K7BpYgOqLQYw6CzMF, 2018-06-20T22:35:39Z, Refund via API, 7800, USD, 173, USD, APPROVED, {Weblinc Order ID: W1946025634}
Csi0NJtRKyoo4dFb6Ws5S, 2018-06-20T22:35:06Z, 432CD4YSJ4PYT, hLuu9FFF1BeIyVLhTnoZzzxeV, oIIe9jqA1RRsrGkIf0jU4uMF, 2018-06-20T22:35:06Z, Refund via API, 21800, USD, 482, USD, APPROVED, {Weblinc Order ID: W7222089311}
o9hqi6e7K54jre908cB6S, 2018-06-20T22:34:24Z, 432CD4YSJ4PYT, 5JlplCxo71pUs4BvKKOWlPyeV, pLzQE5co6hePftyHbcNIZzMF, 2018-06-20T22:34:24Z, Refund via API, 109, USD, 2, USD, APPROVED, {Weblinc Order ID: W6381997840}
IvqOEDMxkLCckIbz5s95S, 2018-06-20T22:33:58Z, 432CD4YSJ4PYT, TOrwaQxN0Dd7f5jTVTuItW0eV, YTsPYcH5V9pkQoppTjiqusMF, 2018-06-20T22:33:58Z, Refund via API, 32818, USD, 725, USD, APPROVED, {Weblinc Order ID: W5830386110}
iSVKuvuyngobExhECGs5S, 2018-06-20T22:33:41Z, 432CD4YSJ4PYT, lxqr9zft6OV41poMTlr9WHzeV, WN9UuVWAgoTMRceAJtWybsMF, 2018-06-20T22:33:41Z, Refund via API, 17819, USD, 394, USD, APPROVED, {Weblinc Order ID: W3302996734}
wnseIDqUSv2pqVasQFu5S, 2018-06-20T22:32:46Z, 432CD4YSJ4PYT, 5FZILmWe0iJEpA42F2GjC5teV, uroQ5FHWitOejyi1dgYdasMF, 2018-06-20T22:32:46Z, Refund via API, 9800, USD, 217, USD, APPROVED, {Weblinc Order ID: W3607839074}
uYHp7Kx9vy1czsroDfx5S, 2018-06-20T22:31:21Z, 432CD4YSJ4PYT, vecuLl4x37XJp9R82Weuwh6eV, W5J7805zi0Qb3wZRSbzTgyMF, 2018-06-20T22:31:21Z, Refund via API, 9800, USD, 217, USD, APPROVED, {Weblinc Order ID: W7298977986}
qWpGjv5X01pDTnkBhAl5S, 2018-06-20T22:31:10Z, 432CD4YSJ4PYT, xZJs259ROj8Nu3DrL1bhJhpeV, EYZr8qR7G6jWyjjg6zjQLyMF, 2018-06-20T22:31:10Z, Refund via API, 43335, USD, 958, USD, APPROVED, {Weblinc Order ID: W3466037984}
euIAsjZgmzDRpZoXPsr5S, 2018-06-20T22:30:14Z, 432CD4YSJ4PYT, 36AEOYqtz8suMLUJRnPUup8eV, QEj6giH08y6q9YeORKArQtMF, 2018-06-20T22:30:14Z, Refund via API, 21557, USD, 477, USD, APPROVED, {Weblinc Order ID: W4501937053}
MJwZdgsQm0PjcvHUds55S, 2018-06-20T22:29:59Z, 432CD4YSJ4PYT, 5HG2VrDcoUAnVMEhtjGMKNjeV, lhTRu7ynUMh2ysWlkngbrsMF, 2018-06-20T22:29:59Z, Refund via API, 9800, USD, 216, USD, APPROVED, {Weblinc Order ID: W9452189486}
QBbtPcFYInk5ID97G9r5S, 2018-06-20T22:29:46Z, 432CD4YSJ4PYT, ZjIoHdv4P6nKwLCMexcDYCzeV, Ywzvf842GMEQsamVeS71vuMF, 2018-06-20T22:29:46Z, Refund via API, 21681, USD, 479, USD, APPROVED, {Weblinc Order ID: W4316987796}
MPRoH1i085eXEvdLfHq5S, 2018-06-20T22:29:42Z, 432CD4YSJ4PYT, 3M7jFcZY38ErgHmJ47NOmX4eV, 8Lvs5CBnhcWChWBsWtShxuMF, 2018-06-20T22:29:42Z, Refund via API, 21412, USD, 473, USD, APPROVED, {Weblinc Order ID: W7637443237}
M352nIcC1RaN5rDBuPx5S, 2018-06-20T22:29:41Z, 432CD4YSJ4PYT, LwwftKg4vtxToyX3BGzUT8oeV, At58BQWqB89kohwq1pStzyMF, 2018-06-20T22:29:41Z, Refund via API, 19800, USD, 438, USD, APPROVED, {Weblinc Order ID: W2618641593}
wZDH9fAufW6JFwgoZSA6S, 2018-06-20T22:29:25Z, 432CD4YSJ4PYT, PArXUyokuMT40byECVUKmU4eV, WrPkIvUsax7Z1XOp36o8vsMF, 2018-06-20T22:29:25Z, Refund via API, 16206, USD, 358, USD, APPROVED, {Weblinc Order ID: W5341093290}
eiOCCbtNaivjzA0tMKt5S, 2018-06-20T22:29:00Z, 432CD4YSJ4PYT, 7ij6bJFaq746YFWwN6NZwufeV, F1dSzLPSgtJfUsV6dTe9VwMF, 2018-06-20T22:29:00Z, Refund via API, 19944, USD, 440, USD, APPROVED, {Weblinc Order ID: W4962146125}
ecXE4rzScN7ojz68vYt5S, 2018-06-20T22:28:53Z, 432CD4YSJ4PYT, ToGbQUk9ozqksjvodWRZCk6eV, 9rUyhHsjKyqg3PdLPdUogwMF, 2018-06-20T22:28:53Z, Refund via API, 7800, USD, 172, USD, APPROVED, {Weblinc Order ID: W3175429927}
q0MqGk2AbdOd6iJ4o035S, 2018-06-20T22:28:47Z, 432CD4YSJ4PYT, FtEXaBRuP7oCvIfsUodNux9eV, bVK74q2irMWQMrOeNLy25sMF, 2018-06-20T22:28:47Z, Refund via API, 24465, USD, 540, USD, APPROVED, {Weblinc Order ID: W7044024233}
i6HL1IrWO6fgOPW9Fxt5S, 2018-06-20T22:28:17Z, 432CD4YSJ4PYT, jQ4gozQYNLp0vLYrgTufnsqeV, KRM8WxhzcamiNRglAAiRYtMF, 2018-06-20T22:28:17Z, Refund via API, 7350, USD, 162, USD, APPROVED, {Weblinc Order ID: W5017751465}
eOG7ICqtVv8zLutDdh25S, 2018-06-20T22:28:11Z, 432CD4YSJ4PYT, bKVjSB5ypVKMlfGH2x2IMd3eV, BwnJKQklxPUWWWRt1u8MmzMF, 2018-06-20T22:28:11Z, Refund via API, 21830, USD, 482, USD, APPROVED, {Weblinc Order ID: W1557943218}
ucNfNmXqFEmyaXt17Yz5S, 2018-06-20T22:28:10Z, 432CD4YSJ4PYT, lJUSf2NZR6LHGpGMJHxybsgeV, 1fg2N9k9IuZGAvT2SOXAItMF, 2018-06-20T22:28:10Z, Refund via API, 10609, USD, 234, USD, APPROVED, {Weblinc Order ID: W4800508337}
Gwr8VeIQ9kq8rI5qdu35S, 2018-06-20T22:27:48Z, 432CD4YSJ4PYT, 9H9Y8vCtO6h1PvNRZLxpOH6eV, 7ptSxRI6XiUc0Amr62DdVvMF, 2018-06-20T22:27:48Z, Refund via API, 21557, USD, 477, USD, APPROVED, {Weblinc Order ID: W8747336922}
aU0W7SIlUuFjS0mM7Yk5S, 2018-06-20T22:27:31Z, 432CD4YSJ4PYT, LEmBVToT7tNE9RrMJNyZ6VAfV, raOoSN9CnUEnaaNZVSfxavMF, 2018-06-20T22:27:31Z, Refund via API, 9600, USD, 212, USD, APPROVED, {Weblinc Order ID: W4232223061}
mqyxVdD4fqJ8BJQLOu05S, 2018-06-20T22:26:52Z, 432CD4YSJ4PYT, FfbU5riUI1i5k6PD22owpMkeV, Bk9Ivrp0oNdwWs2X9Wk83vMF, 2018-06-20T22:26:52Z, Refund via API, 7800, USD, 173, USD, APPROVED, {Weblinc Order ID: W6287905939}
oX6KPwRBHOL6ursAYAB6S, 2018-06-20T22:26:38Z, 432CD4YSJ4PYT, F1GEx7GcxM8rsXCIiRO4lJreV, jXkjWkhagxQvkGNKuzuLbuMF, 2018-06-20T22:26:38Z, Refund via API, 19944, USD, 441, USD, APPROVED, {Weblinc Order ID: W2543603970}
Wkz1f7aCwqHDDxV9Fm75S, 2018-06-20T22:26:22Z, 432CD4YSJ4PYT, Bb0V7b6l3vllaCPq6MDl163eV, xytndTONgcvi2J7ua4UK6sMF, 2018-06-20T22:26:22Z, Refund via API, 38800, USD, 858, USD, APPROVED, {Weblinc Order ID: W6424622824}
qG52RtXYF2Z2P00nIs15S, 2018-06-20T22:25:39Z, 432CD4YSJ4PYT, hDuUnXG4LyeWHe5e7EVYzVyeV, kUAlkWk03ar8jDkEToa11zMF, 2018-06-20T22:25:39Z, Refund via API, 31600, USD, 698, USD, APPROVED, {Weblinc Order ID: W6610180075}
6w2QfDdkJdmSvpbi4g45S, 2018-06-20T22:25:35Z, 432CD4YSJ4PYT, tFSNAsJAef75pcriIGz8du7eV, RPCnIhwPKoz9yhvIrXTyWvMF, 2018-06-20T22:25:35Z, Refund via API, 2850, USD, 63, USD, APPROVED, {Weblinc Order ID: W6847971163}
8BgHahBVLOt34xnFyrw5S, 2018-06-20T22:25:03Z, 432CD4YSJ4PYT, BDMVyD8GzJKIn8HrziZznH3eV, ZP2biUzofXuvePusw4bbLzMF, 2018-06-20T22:25:03Z, Refund via API, 26908, USD, 595, USD, APPROVED, {Weblinc Order ID: W7063767689}
YLqrZ9af0HzeG08xmK85S, 2018-06-20T22:23:08Z, 432CD4YSJ4PYT, 1b1IPg9JXBKIWQ1ZNWlZHO7eV, 8qlsEt4EDbUdA5on4sag8wMF, 2018-06-20T22:23:08Z, Refund via API, 14700, USD, 325, USD, APPROVED, {Weblinc Order ID: W8483787828}
U5qjvR7ooIVbBdimvW85S, 2018-06-20T22:23:00Z, 432CD4YSJ4PYT, HKwaOol9qPnJ1ejJ7cjSuIheV, vVgMVOr7s10gQ4dOxO3OAxMF, 2018-06-20T22:23:00Z, Refund via API, 23599, USD, 522, USD, APPROVED, {Weblinc Order ID: W8692962355}
mk98pKvcEBg5i2CGiVr5S, 2018-06-20T22:22:25Z, 432CD4YSJ4PYT, PmEOeSmeMZVxsvJirGG8XD2eV, F3Tg721PuDFCosleYgKG9tMF, 2018-06-20T22:22:25Z, Refund via API, 21800, USD, 482, USD, APPROVED, {Weblinc Order ID: W5180823327}
o1flBfIXPL53uUAcBZ15S, 2018-06-20T22:21:19Z, 432CD4YSJ4PYT, pFzRyIpMHSDEea3JHm2x2RAfV, JatucVmmu90joD14L6OpdwMF, 2018-06-20T22:21:19Z, Refund via API, 22800, USD, 504, USD, APPROVED, {Weblinc Order ID: W2710411858}
M7PwDkZQcWg5BFgJS565S, 2018-06-20T22:19:53Z, 432CD4YSJ4PYT, d3VogkkAbbpnMqHzGqZMDKveV, 3SMA5Vch4IV0qwc3XDj8DvMF, 2018-06-20T22:19:53Z, Refund via API, 20850, USD, 461, USD, APPROVED, {Weblinc Order ID: W7774341006}
IbwwRzq0HMpW31vzRpB6S, 2018-06-20T22:19:30Z, 432CD4YSJ4PYT, FZuVyqo6pG2huCGh8S9IjC0eV, 92khBnkQc48KydimYQJifuMF, 2018-06-20T22:19:30Z, Refund via API, 16350, USD, 362, USD, APPROVED, {Weblinc Order ID: W7669380517}
qy3edoi3ddVKIGQ1Zkw5S, 2018-06-20T22:18:45Z, 432CD4YSJ4PYT, Vvnkx0SKHeCWo4xqSsKBHsoeV, hvNaW3CdWtmmEb5ZLaJynsMF, 2018-06-20T22:18:45Z, Refund via API, 31356, USD, 693, USD, APPROVED, {Weblinc Order ID: W9171426932}
ANRbDyqSyMmV5GJd7pp5S, 2018-06-20T22:18:04Z, 432CD4YSJ4PYT, hd5r31c3ebDQH5zwLepiQY9eV, 3u4KeLoSv34NG54ashzLbzMF, 2018-06-20T22:18:04Z, Refund via API, 13888, USD, 307, USD, APPROVED, {Weblinc Order ID: W7226183553}
e032uSWErvSKT9vMwdt5S, 2018-06-20T22:17:31Z, 432CD4YSJ4PYT, 1fTyhIEBOnBubB5Q0prbq7peV, cXTB9angUuGHNuESmUAcmwMF, 2018-06-20T22:17:31Z, Refund via API, 14800, USD, 327, USD, APPROVED, {Weblinc Order ID: W7648716081}
43APxFSWK4FpYOxT9005S, 2018-06-20T22:17:24Z, 432CD4YSJ4PYT, 5BzkE3eAXpTqdD5Xsq5VV1qeV, 6jo3MB4QFyKeMkKNyFXBAxMF, 2018-06-20T22:17:24Z, Refund via API, 25256, USD, 558, USD, APPROVED, {Weblinc Order ID: W8160914515}
GotpcrUvhh7oNa7sLk55S, 2018-06-20T22:16:07Z, 432CD4YSJ4PYT, RdlJMFgzX0EdoXunzU1SpIieV, drRGyDlTwHJfUunKshgTNyMF, 2018-06-20T22:16:07Z, Refund via API, 34949, USD, 773, USD, APPROVED, {Weblinc Order ID: W8828753778}
8zpDYHTnbD8hQmInTR25S, 2018-06-20T22:15:56Z, 432CD4YSJ4PYT, nYB3wMhaUXJtFshT5d3RaOzeV, q1ByyKIYOhDCLjDc0aHwgzMF, 2018-06-20T22:15:56Z, Refund via API, 7350, USD, 162, USD, APPROVED, {Weblinc Order ID: W4838516849}
4vmobjbo363xQggi5T85S, 2018-06-20T22:15:10Z, 432CD4YSJ4PYT, TCdAEmcfu9DTf6ZlNXfyrzeeV, czedLMeRxInIpcUZp0KttsMF, 2018-06-20T22:15:10Z, Refund via API, 18618, USD, 411, USD, APPROVED, {Weblinc Order ID: W1930519603}
kPDYVtR84d7tT9wogWk5S, 2018-06-20T22:14:32Z, 432CD4YSJ4PYT, VlA3xVnx9MQvsqGgm8lFNg7eV, dfyaIGMiD8il2NbtfGP4VwMF, 2018-06-20T22:14:32Z, Refund via API, 34800, USD, 769, USD, APPROVED, {Weblinc Order ID: W8994192270}
QDK2U235diDdidOpSpl5S, 2018-06-20T22:13:16Z, 432CD4YSJ4PYT, jSxQWZMqDQetBsZ9fyI7X9eeV, mBDM4g8lXiG85j2fvSxgvzMF, 2018-06-20T22:13:16Z, Refund via API, 28200, USD, 623, USD, APPROVED, {Weblinc Order ID: W4544668761}
4TMS5UCYAUFidDdqrj25S, 2018-06-20T22:12:36Z, 432CD4YSJ4PYT, vy4Tb2yk6tRiTSVVVuYjNF7eV, MiTQd8calXm3BDzjnDm11vMF, 2018-06-20T22:12:36Z, Refund via API, 12798, USD, 283, USD, APPROVED, {Weblinc Order ID: W8163464631}
QTy6Ebs1NPAUhMJLTVp5S, 2018-06-20T22:12:21Z, 432CD4YSJ4PYT, fuebQV9P7eqp0ozziCFEY9neV, 9HzBjNQIFyekvyG0sdqLNtMF, 2018-06-20T22:12:21Z, Refund via API, 22468, USD, 496, USD, APPROVED, {Weblinc Order ID: W8499671980}
4zMeBXQmqDInqMcBnvq5S, 2018-06-20T22:10:31Z, 432CD4YSJ4PYT, HMfH3ZuIUfBAqU6z9cpwYR5eV, LUr7RSr6IjgOXEI49Bb6BtMF, 2018-06-20T22:10:31Z, Refund via API, 13936, USD, 308, USD, APPROVED, {Weblinc Order ID: W7574520431}
a2x4XDXeTf5IGru6qg55S, 2018-06-20T22:09:52Z, 432CD4YSJ4PYT, txOIaXlURtsiZ03VXtAeISAfV, O0PTKQDN5EQfLs4dmJoGryMF, 2018-06-20T22:09:52Z, Refund via API, 33535, USD, 741, USD, APPROVED, {Weblinc Order ID: W1980270603}
UB4Qzz49FvIVq151ZPt5S, 2018-06-20T22:09:07Z, 432CD4YSJ4PYT, pDMmQZhiUwzvWKwTQNMAhH9eV, OW4phz0BYo3KVipEEGmZWtMF, 2018-06-20T22:09:07Z, Refund via API, 22400, USD, 495, USD, APPROVED, {Weblinc Order ID: W6930987877}
AnWntNP9OqxGsaz24px5S, 2018-06-20T22:07:36Z, 432CD4YSJ4PYT, dDfqUWyqSIKUYintmdjSl4reV, HSwAv3Mq1s203g8hrczd0tMF, 2018-06-20T22:07:36Z, Refund via API, 21038, USD, 465, USD, APPROVED, {Weblinc Order ID: W8034718915}
ATeUBsyrqDsvTOXMbjt5S, 2018-06-20T22:07:27Z, 432CD4YSJ4PYT, FVofcMOJ4TxHfbnvqkv2NdyeV, v4VBJRmBDvPlJp8fxokCyuMF, 2018-06-20T22:07:27Z, Refund via API, 86719, USD, 1916, USD, APPROVED, {Weblinc Order ID: W9866311334}
uqqOf6hLGJRVhtbwNA45S, 2018-06-20T22:07:08Z, 432CD4YSJ4PYT, hPw2bk6vuyB157uoPEmNiuweV, 2Qt6twTbEMxzexjCYRCZjtMF, 2018-06-20T22:07:08Z, Refund via API, 21800, USD, 481, USD, APPROVED, {Weblinc Order ID: W2631559294}
Q1xZwxbTxPg88wmqSbv5S, 2018-06-20T22:06:54Z, 432CD4YSJ4PYT, zOFjR7PC0WOiUy7A9ItpbRweV, aeyOy2WH85iQRdp4f4u8pyMF, 2018-06-20T22:06:54Z, Refund via API, 65543, USD, 1448, USD, APPROVED, {Weblinc Order ID: W2056769770}
uERJW8W3PRPCN9MeJzm5S, 2018-06-20T22:06:13Z, 432CD4YSJ4PYT, nEha3ch87Cq1A6BjdeiY0E9eV, RlhBcNLoeaeF4LVQzHUoRxMF, 2018-06-20T22:06:13Z, Refund via API, 43600, USD, 964, USD, APPROVED, {Weblinc Order ID: W6985876435}
yc2ScQGP5DJkVp0h6RA6S, 2018-06-20T22:04:45Z, 432CD4YSJ4PYT, H49bnpMKCeGA4RO0pRq0wb5eV, 4eosTWtsYjGn2H0JUptPKuMF, 2018-06-20T22:04:45Z, Refund via API, 31600, USD, 699, USD, APPROVED, {Weblinc Order ID: W3807217583}
4VLLCUfTXpJTY75rP9w5S, 2018-06-20T22:04:14Z, 432CD4YSJ4PYT, NjpPb3MlXkVPJrQ0KpmJhxleV, FR3VykcbkgUUcksaispHavMF, 2018-06-20T22:04:14Z, Refund via API, 19200, USD, 424, USD, APPROVED, {Weblinc Order ID: W9827113947}
k7NMiRX6i4ZaUXlXWD85S, 2018-06-20T22:04:05Z, 432CD4YSJ4PYT, D4sirx5uqrFLXW4SQlITdMpeV, rqs2UzBwWKCaDeMor30X9uMF, 2018-06-20T22:04:05Z, Refund via API, 72900, USD, 1611, USD, APPROVED, {Weblinc Order ID: W2883908078}
4DOlcucUcVlciq9fU565S, 2018-06-20T22:03:44Z, 432CD4YSJ4PYT, rKhJXk9q1NYSRc7wdUCesy2eV, PxJfTOCwfB1CQQlgemTyEwMF, 2018-06-20T22:03:44Z, Refund via API, 9800, USD, 216, USD, APPROVED, {Weblinc Order ID: W6021964088}
aKbiKEYUfiJqDYJ4c045S, 2018-06-20T22:03:42Z, 432CD4YSJ4PYT, Xwfyi0NPiCSZQ22q48aWcNheV, WMnY9RPcJ8UOwpgaVZ3witMF, 2018-06-20T22:03:42Z, Refund via API, 25151, USD, 556, USD, APPROVED, {Weblinc Order ID: W3770088171}
Y3s3OmiG3bOMNWYiA4k5S, 2018-06-20T22:02:33Z, 432CD4YSJ4PYT, HQ7SunRlwkrLjyiJbkO9JxqeV, 13PRWtwfZXm1QCJ9rujjMxMF, 2018-06-20T22:02:33Z, Refund via API, 9614, USD, 213, USD, APPROVED, {Weblinc Order ID: W9451769609}
kX7axD8PbDjQ0fH5j0z5S, 2018-06-20T22:01:55Z, 432CD4YSJ4PYT, D46NF1jLV5UiVoHUCusPH39eV, 93veKSh5obnSf3VxgUUndwMF, 2018-06-20T22:01:55Z, Refund via API, 9602, USD, 212, USD, APPROVED, {Weblinc Order ID: W4435211956}
GmgLYLA3vrzpQUAfzNx5S, 2018-06-20T22:00:17Z, 432CD4YSJ4PYT, DUicEQl0jiLtt6dwYqKCqP6eV, T0J4YrZU8xYyj6WqKLbzMvMF, 2018-06-20T22:00:17Z, Refund via API, 14850, USD, 328, USD, APPROVED, {Weblinc Order ID: W0465647547}
0PpHazyO7oa1KKZIR5q5S, 2018-06-20T21:58:34Z, 432CD4YSJ4PYT, ptvZijfZ5RXF0LzGO17KXsveV, dFbOzBEW5vUtsxZNXMfTGzMF, 2018-06-20T21:58:34Z, Refund via API, 13350, USD, 295, USD, APPROVED, {Weblinc Order ID: W2084614031}
SYaVkt3MBQhKKPyFTGw5S, 2018-06-20T21:58:14Z, 432CD4YSJ4PYT, LYMJY0331iVCQyL4nHr419feV, TZbfkLcuC9FnnOk4OkTSItMF, 2018-06-20T21:58:14Z, Refund via API, 12800, USD, 283, USD, APPROVED, {Weblinc Order ID: W5507309176}
knpbQV9MhTOrovxO4nz5S, 2018-06-20T21:57:56Z, 432CD4YSJ4PYT, 1dENkbTLhN9tRgypEtwrtDqeV, Cy1OH5iSaKpp1AT819y3wvMF, 2018-06-20T21:57:56Z, Refund via API, 109, USD, 2, USD, APPROVED, {Weblinc Order ID: W5450148984}
qg60DPCujWdVte4eNh35S, 2018-06-20T21:57:53Z, 432CD4YSJ4PYT, LYMJY0331iVCQyL4nHr419feV, TZbfkLcuC9FnnOk4OkTSItMF, 2018-06-20T21:57:53Z, Refund via API, 32600, USD, 721, USD, APPROVED, {Weblinc Order ID: W5507309176}
MLdZSeL5YILlm67Ucmx5S, 2018-06-20T21:57:42Z, 432CD4YSJ4PYT, 53isvFMkt4LqoBZjjK6FjcpeV, Kd6f3OQPkAnSZNGScWetZyMF, 2018-06-20T21:57:42Z, Refund via API, 7800, USD, 172, USD, APPROVED, {Weblinc Order ID: W7030930366}
SAQcxeXlEHPoqjvjln25S, 2018-06-20T21:56:47Z, 432CD4YSJ4PYT, hBhy1TVzewj90jUUtpVKGcweV, orpCVPmeWawqXEjcFMN9IzMF, 2018-06-20T21:56:47Z, Refund via API, 13350, USD, 295, USD, APPROVED, {Weblinc Order ID: W5723402993}
IBXkKFsP2RoP1bE2LUm5S, 2018-06-20T21:55:34Z, 432CD4YSJ4PYT, 19mKenP4D8jpG9zoRno2wXpeV, d0w887QH4SxZlk6ZErW1GxMF, 2018-06-20T21:55:34Z, Refund via API, 35493, USD, 785, USD, APPROVED, {Weblinc Order ID: W3454418772}
gbIdgxJqCsZjEiTyiSv5S, 2018-06-20T21:55:26Z, 432CD4YSJ4PYT, D2bUgltFfSLj56nu12gAaIweV, GUzXZVvbmRxSiZPq0GRpzsMF, 2018-06-20T21:55:26Z, Refund via API, 18414, USD, 407, USD, APPROVED, {Weblinc Order ID: W3444137103}
mOimK4EB9ZeDsczHKQA6S, 2018-06-20T21:52:40Z, 432CD4YSJ4PYT, HKoWM7TfevQE0WGvEEMafDgeV, humZiu0kZan1pLyF7YdvIuMF, 2018-06-20T21:52:40Z, Refund via API, 65600, USD, 1450, USD, APPROVED, {Weblinc Order ID: W1232178252}
6OlU1nWzPA2zaAhogfu5S, 2018-06-20T21:51:27Z, 432CD4YSJ4PYT, 9f5WNWIIK2hrdHhy4d0u7XmeV, I6oTUutJDaSxniAsev3CusMF, 2018-06-20T21:51:27Z, Refund via API, 109, USD, 2, USD, APPROVED, {Weblinc Order ID: W2556266985}
YHkDOVkDjWip758A7965S, 2018-06-20T21:50:57Z, 432CD4YSJ4PYT, xj4vFT2D8GfYRp8QGd3V1q6eV, Cug29CWQXusUwS5kfPGCsyMF, 2018-06-20T21:50:57Z, Refund via API, 7350, USD, 163, USD, APPROVED, {Weblinc Order ID: W9613895350}
Ss47cKFXR7FbkXRIWHp5S, 2018-06-20T21:49:56Z, 432CD4YSJ4PYT, 7CBl91pkmHIWYMwgbuQj1kfeV, B0Oim34yMs5UpSSFmnbykvMF, 2018-06-20T21:49:56Z, Refund via API, 44381, USD, 981, USD, APPROVED, {Weblinc Order ID: W6490564875}
ATC0yl4v2u6iFAI2P575S, 2018-06-20T21:49:41Z, 432CD4YSJ4PYT, JLCthfIL89aN1ZKMnTze6rveV, fT6WhoaNwHjpkex1KYsHcvMF, 2018-06-20T21:49:41Z, Refund via API, 23735, USD, 525, USD, APPROVED, {Weblinc Order ID: W4452580556}
SaNAZz1kwS81O1RxW205S, 2018-06-20T21:49:23Z, 432CD4YSJ4PYT, tRU9fftyFm9alZZFCtTX594eV, kGy0pcue8l6gB1X6i8icGuMF, 2018-06-20T21:49:23Z, Refund via API, 23735, USD, 525, USD, APPROVED, {Weblinc Order ID: W2190848332}
YPYHAHC7rbj31SxjyC05S, 2018-06-20T21:48:29Z, 432CD4YSJ4PYT, ngzyUTqjvDAOpgSqfHqSChAfV, jD4fPUNcB9wsXOscP5anmzMF, 2018-06-20T21:48:29Z, Refund via API, 24800, USD, 548, USD, APPROVED, {Weblinc Order ID: W9595298839}
2uUh45AmZihBpQVkhW65S, 2018-06-20T21:47:48Z, 432CD4YSJ4PYT, N1AC30FGBCnvDESU1MBTsO2eV, 2Se475gb2Vb8TvtfeONX1vMF, 2018-06-20T21:47:48Z, Refund via API, 13350, USD, 295, USD, APPROVED, {Weblinc Order ID: W6779754560}
8TNNCgjlJL75nmsdKo45S, 2018-06-20T21:47:30Z, 432CD4YSJ4PYT, 3AbgYzBsRcqOptWIuBByafteV, 0SPayTRlhzHiYpYO3pFUfsMF, 2018-06-20T21:47:30Z, Refund via API, 7800, USD, 172, USD, APPROVED, {Weblinc Order ID: W5782866497}
I57iZmaYylIMM4AgSXB6S, 2018-06-20T21:47:25Z, 432CD4YSJ4PYT, ZB7cSAyexhg0ItTLt08lurAfV, xiotqmURLyaQVMwqVIxnvzMF, 2018-06-20T21:47:25Z, Refund via API, 24800, USD, 548, USD, APPROVED, {Weblinc Order ID: W6219122088}
SAiXeIrpUBZlMnKQpA25S, 2018-06-20T21:46:38Z, 432CD4YSJ4PYT, vUJPZagkcPJXRT9goAn2j21eV, zLT7KKeihhnOPf6aE92kzuMF, 2018-06-20T21:46:38Z, Refund via API, 22950, USD, 507, USD, APPROVED, {Weblinc Order ID: W0466278548}
49NW23qDn2usWAFIQCB6S, 2018-06-20T21:46:04Z, 432CD4YSJ4PYT, XMV07RNTvwgBPCuoCjI0gHmeV, UZZKVzrjxU76dn5UGmCOmuMF, 2018-06-20T21:46:04Z, Refund via API, 35602, USD, 787, USD, APPROVED, {Weblinc Order ID: W8626286455}
o3sVOVpQtNMIXVsZuiA6S, 2018-06-20T21:45:57Z, 432CD4YSJ4PYT, nAj2IEg0Vb1bqS0XocgcfI8eV, 9XzjnJCyUoPnYwhIKtruitMF, 2018-06-20T21:45:57Z, Refund via API, 31535, USD, 697, USD, APPROVED, {Weblinc Order ID: W2718277367}
YL6lMUBWfvRJ1otpB1y5S, 2018-06-20T21:45:05Z, 432CD4YSJ4PYT, 1hEG3ObdxhKS5KUihAOUqhleV, uxiKSuPK0lbXsPoNLuWlyyMF, 2018-06-20T21:45:05Z, Refund via API, 21557, USD, 476, USD, APPROVED, {Weblinc Order ID: W7869849188}
q4Mt08FDvDt59VvJfFw5S, 2018-06-20T21:44:56Z, 432CD4YSJ4PYT, zyPX30v72g7YFLlUiMiv6M6eV, 9lfzSYy1mCTNVuNX4Vu6buMF, 2018-06-20T21:44:56Z, Refund via API, 31357, USD, 693, USD, APPROVED, {Weblinc Order ID: W3842332394}
eUx9Lwy4X2qblPIsxRo5S, 2018-06-20T21:44:11Z, 432CD4YSJ4PYT, NFeTu00fpci7W9yfYpEIS7heV, w0bnxQAKeAutkK7gQD3yYyMF, 2018-06-20T21:44:11Z, Refund via API, 17600, USD, 389, USD, APPROVED, {Weblinc Order ID: W1762280212}
emYAh8NpnPPOyFWJcLk5S, 2018-06-20T21:43:39Z, 432CD4YSJ4PYT, rw8biKtSV1oI7GURKUUQjZseV, 3dJVhkhn56ddOeFEHir30tMF, 2018-06-20T21:43:39Z, Refund via API, 36583, USD, 809, USD, APPROVED, {Weblinc Order ID: W9727706882}
qixZu22Kxs0OiJ2RYO55S, 2018-06-20T21:43:13Z, 432CD4YSJ4PYT, DY2ZW2YzpoBiuFFSpObKOZseV, 3TzUEYLFlC7w5gsKBMl4ewMF, 2018-06-20T21:43:13Z, Refund via API, 27900, USD, 616, USD, APPROVED, {Weblinc Order ID: W5896878708}
crZbHa3wtvTz1Fw9tR15S, 2018-06-20T21:42:55Z, 432CD4YSJ4PYT, 7adRpIU2VbyGONGVIbdSDEweV, 3gfZBZLcNR3KFtIZQzbQlxMF, 2018-06-20T21:42:55Z, Refund via API, 21900, USD, 484, USD, APPROVED, {Weblinc Order ID: W2991363851}
OmCRkQi35O7b9X95sKl5S, 2018-06-20T21:42:32Z, 432CD4YSJ4PYT, rwwRY88mC8YlfYsuvNLGvQseV, 5hvkBr5NZKS8WH1Wn3044yMF, 2018-06-20T21:42:32Z, Refund via API, 38550, USD, 852, USD, APPROVED, {Weblinc Order ID: W9851643690}
SkCyeP1Ljnxk88SWy005S, 2018-06-20T21:41:56Z, 432CD4YSJ4PYT, rKl7N1ym6A2plPrjwehr5I2eV, 8pRexm1KVDyv3lXu3wQ9iwMF, 2018-06-20T21:41:56Z, Refund via API, 23735, USD, 525, USD, APPROVED, {Weblinc Order ID: W4090030851}
WszpyrwcS0z9MDQwy565S, 2018-06-20T21:41:41Z, 432CD4YSJ4PYT, JFHxfwtUSiob8VPfjHoeNUxeV, 1hsMQviAciSfEAXvW2KMgzMF, 2018-06-20T21:41:41Z, Refund via API, 24300, USD, 537, USD, APPROVED, {Weblinc Order ID: W3723879440}
A3YqYJfrLwLZVlp6hz75S, 2018-06-20T21:41:19Z, 432CD4YSJ4PYT, V3TwlscM63TMf2YvlbiNvGjeV, GWJfTQQNbyfjccPvrJHBJuMF, 2018-06-20T21:41:19Z, Refund via API, 14600, USD, 323, USD, APPROVED, {Weblinc Order ID: W8708122336}
GOOqRRxzok4xR5cc5Bz5S, 2018-06-20T21:40:11Z, 432CD4YSJ4PYT, PI3bwmj2Leg50s4skXSfw41eV, lyCFAndhNGsSM4u4BIMfZvMF, 2018-06-20T21:40:11Z, Refund via API, 9600, USD, 212, USD, APPROVED, {Weblinc Order ID: W5329685681}
8bPu7YRJpxGuXK5va5z5S, 2018-06-20T21:39:17Z, 432CD4YSJ4PYT, 13DaEWhFCvWvKPDFJi5LaG7eV, 3oQNYeR7TQYfASXCTIyJwuMF, 2018-06-20T21:39:17Z, Refund via API, 3500, USD, 77, USD, APPROVED, {Weblinc Order ID: W2847008707}
GkhMqcAawj2TWYkGEdw5S, 2018-06-20T21:38:30Z, 432CD4YSJ4PYT, 1b1Cm3GjzonvCLpSn8qmTNueV, XlFkHXMXU4ZZ8jQphWaLywMF, 2018-06-20T21:38:30Z, Refund via API, 17801, USD, 393, USD, APPROVED, {Weblinc Order ID: W8865215357}
aijy7C94fwmm3gXQWhn5S, 2018-06-20T21:38:27Z, 432CD4YSJ4PYT, NlQ8qowc0cF6Nvn9zrXReMteV, 4UJ3rL6gb3a8LXvoEAYDFtMF, 2018-06-20T21:38:27Z, Refund via API, 43114, USD, 953, USD, APPROVED, {Weblinc Order ID: W5791283269}
yEKewBFjBQ0sfYJ8oV55S, 2018-06-20T21:37:36Z, 432CD4YSJ4PYT, LQeUkyRMRzGCwXJX2YdcCxmeV, dc7owiIW5nX8iGCWC1fX3tMF, 2018-06-20T21:37:36Z, Refund via API, 17800, USD, 393, USD, APPROVED, {Weblinc Order ID: W7105037360}
muInP9YLDqpXXF5VVGp5S, 2018-06-20T21:37:04Z, 432CD4YSJ4PYT, x9trvI7QmnPqtRHgpKPdsrteV, nE8mxbt7q1qbnLjJNKBInxMF, 2018-06-20T21:37:04Z, Refund via API, 17819, USD, 394, USD, APPROVED, {Weblinc Order ID: W3213971378}
wfSNbSCPJ9Jy6WlUpQ55S, 2018-06-20T21:36:58Z, 432CD4YSJ4PYT, r6hZNIPVaGoMusmu1bPKlU0eV, SFzBNBr2kLZfBnSkULwbPzMF, 2018-06-20T21:36:58Z, Refund via API, 13200, USD, 292, USD, APPROVED, {Weblinc Order ID: W6599841459}
kRCleICz27eHe43ppz35S, 2018-06-20T21:36:02Z, 432CD4YSJ4PYT, xJ14DDJ9xFdirT9koHnsehAfV, QugI60R3vO7i8sApmWJjFuMF, 2018-06-20T21:36:02Z, Refund via API, 28485, USD, 630, USD, APPROVED, {Weblinc Order ID: W1871319940}
S2bGywk7XgbRMCPz0s45S, 2018-06-20T21:36:00Z, 432CD4YSJ4PYT, n629M5rbEdHTGHV5jpp0LoAfV, dhmoicyRuZ2XNR9eqBIZwsMF, 2018-06-20T21:36:00Z, Refund via API, 12800, USD, 283, USD, APPROVED, {Weblinc Order ID: W7904907468}
0Vs7gvr402Mqe3V57Vn5S, 2018-06-20T21:35:36Z, 432CD4YSJ4PYT, lVI3G2rWLdbZMdBNWeQsta1eV, dKS3LzfCNVnSoiCwU2cObsMF, 2018-06-20T21:35:36Z, Refund via API, 109, USD, 2, USD, APPROVED, {Weblinc Order ID: W5898603652}
AXEGbBk0eNfBuU7rnis5S, 2018-06-20T21:34:52Z, 432CD4YSJ4PYT, txwr5oaTvuZQfWXqIaMmTj2eV, ElYbtPJ7rxvZ73kZkW9KoxMF, 2018-06-20T21:34:52Z, Refund via API, 47400, USD, 1048, USD, APPROVED, {Weblinc Order ID: W2697314721}
GK8g8X9VsGmfiFTGFW15S, 2018-06-20T21:33:32Z, 432CD4YSJ4PYT, pJ3mgIqnIpFNvpcyf341loieV, pvO8QCyEZQziInnKC7eHNvMF, 2018-06-20T21:33:32Z, Refund via API, 23735, USD, 524, USD, APPROVED, {Weblinc Order ID: W4791908513}
gRPvkIvgQrSLFPBBnxx5S, 2018-06-20T21:33:31Z, 432CD4YSJ4PYT, zCbnMvrf7Ui2XF1Z2RudUDieV, VRWlx4tjA3f6XGIFcc6EmsMF, 2018-06-20T21:33:31Z, Refund via API, 22400, USD, 495, USD, APPROVED, {Weblinc Order ID: W2870589982}
KYS4SY05xhM66MDDadr5S, 2018-06-20T21:32:17Z, 432CD4YSJ4PYT, 53s5nhdKZZQZPrpfqamtwT0eV, LYgB8zeK3UzNWsyYP2p1yuMF, 2018-06-20T21:32:17Z, Refund via API, 15403, USD, 340, USD, APPROVED, {Weblinc Order ID: W6323779553}
cXJIxt2TEZbLc1G6s1B6S, 2018-06-20T21:32:11Z, 432CD4YSJ4PYT, HSqjBShuRUFb0E9Y0O5SmDpeV, nc51CbuosoIQSzUOgzQyDzMF, 2018-06-20T21:32:11Z, Refund via API, 4800, USD, 106, USD, APPROVED, {Weblinc Order ID: W9666562297}
KOfHNSzGA9ogn39kB0l5S, 2018-06-20T21:31:05Z, 432CD4YSJ4PYT, fi0PJEnZc6I77kBiLWgNFPgeV, BHCX51nb7UnOo7RDAobqFwMF, 2018-06-20T21:31:05Z, Refund via API, 17740, USD, 392, USD, APPROVED, {Weblinc Order ID: W5824961895}
GU1AVEKOveAsmjcrqWn5S, 2018-06-20T21:30:54Z, 432CD4YSJ4PYT, JjQqBcIwNpikQggXSo6tJp8eV, ZRrQjXHY6GW67CgPwxl3mvMF, 2018-06-20T21:30:54Z, Refund via API, 14850, USD, 328, USD, APPROVED, {Weblinc Order ID: W4203990265}
u41sl00Q53myvAdFXs05S, 2018-06-20T21:27:40Z, 432CD4YSJ4PYT, 99eVBDOidgbxJAh6iNbrbF8eV, HHUJQslLEgJvxU81QlgHtwMF, 2018-06-20T21:27:40Z, Refund via API, 57600, USD, 1273, USD, APPROVED, {Weblinc Order ID: W1414338016}
kNE3O2Zwj7Gm8aq1ma45S, 2018-06-20T21:27:29Z, 432CD4YSJ4PYT, LwUVX2aNIdCaqHVU1WaR5qoeV, micfsMnld1r1HAomBq9KkvMF, 2018-06-20T21:27:29Z, Refund via API, 23735, USD, 524, USD, APPROVED, {Weblinc Order ID: W2487239931}
QbolJ9o0AP5iLhI26uq5S, 2018-06-20T21:26:44Z, 432CD4YSJ4PYT, HqKvofIHIDgy3m8k2fsy7WjeV, EmIkUes1acF8KKtdV0d8MxMF, 2018-06-20T21:26:44Z, Refund via API, 47688, USD, 1054, USD, APPROVED, {Weblinc Order ID: W5105655789}
CS9SCZHXpBtFW7WImWo5S, 2018-06-20T21:26:06Z, 432CD4YSJ4PYT, 551ZxjlMx0DZgUUyvU7TloleV, SN4MYkWCfcYucnFhccEeGzMF, 2018-06-20T21:26:06Z, Refund via API, 9745, USD, 215, USD, APPROVED, {Weblinc Order ID: W1232780049}
O8vqsiqSVfRtRwxvaI65S, 2018-06-20T21:25:53Z, 432CD4YSJ4PYT, 1L9SGlw8rlfMI4ECx6SLcB3eV, vZJhgh9a90OXvpcOHRWzOvMF, 2018-06-20T21:25:53Z, Refund via API, 29100, USD, 643, USD, APPROVED, {Weblinc Order ID: W3308636849}
YRPohk9eq8n1srXg9Ax5S, 2018-06-20T21:25:46Z, 432CD4YSJ4PYT, NZOMBkwtAZl4MpX4kcUhv9xeV, cPV7rdnInruIW92PLTYI4wMF, 2018-06-20T21:25:46Z, Refund via API, 109, USD, 0, USD, REJECTED, {Weblinc Order ID: W2662274908}
CwOlXJ0OAHMrcUUuJ065S, 2018-06-20T21:25:19Z, 432CD4YSJ4PYT, LqXobSTZvfduboAOiFyEGpfeV, FVqgJQHKuiK1jUFKxnnMezMF, 2018-06-20T21:25:19Z, Refund via API, 29236, USD, 646, USD, APPROVED, {Weblinc Order ID: W7926635877}
Yjo6MD3tR1Q24r6LtDC6S, 2018-06-20T21:25:15Z, 432CD4YSJ4PYT, NZOMBkwtAZl4MpX4kcUhv9xeV, cPV7rdnInruIW92PLTYI4wMF, 2018-06-20T21:25:15Z, Refund via API, 109, USD, 0, USD, REJECTED, {Weblinc Order ID: W2662274908}
UzRSeCf9YueUE0nkis05S, 2018-06-20T21:24:34Z, 432CD4YSJ4PYT, r6vw9MhEG5JgbYsJpktzOByeV, K1IVhB0KH8qv8jGRYsYKbvMF, 2018-06-20T21:24:34Z, Refund via API, 46600, USD, 1030, USD, APPROVED, {Weblinc Order ID: W5131497360}
0X7EXAqhBgLodmkYdZA6S, 2018-06-20T21:24:18Z, 432CD4YSJ4PYT, x1FzexTQb8YjwFdg4Rxpw1zeV, IZWyKvFRudm3JNBIdzDQRtMF, 2018-06-20T21:24:18Z, Refund via API, 12800, USD, 283, USD, APPROVED, {Weblinc Order ID: W9280044161}
U9M1g3SWLkpwjsWGN8j5S, 2018-06-20T21:24:04Z, 432CD4YSJ4PYT, NZOMBkwtAZl4MpX4kcUhv9xeV, cPV7rdnInruIW92PLTYI4wMF, 2018-06-20T21:24:04Z, Refund via API, 10900, USD, 0, USD, REJECTED, {Weblinc Order ID: W2662274908}
24ZNwo1wLnDQUBoBl655S, 2018-06-20T21:23:49Z, 432CD4YSJ4PYT, 9BS8oDaZyQ7mrbDJt3R2Wh7eV, kIL0XvWbd539mJxoms3OrxMF, 2018-06-20T21:23:49Z, Refund via API, 37400, USD, 827, USD, APPROVED, {Weblinc Order ID: W8216854013}
I7CZPW3Fkm0cdw1YYOt5S, 2018-06-20T21:23:28Z, 432CD4YSJ4PYT, NZOMBkwtAZl4MpX4kcUhv9xeV, cPV7rdnInruIW92PLTYI4wMF, 2018-06-20T21:23:28Z, Refund via API, 10900, USD, 0, USD, REJECTED, {Weblinc Order ID: W2662274908}
CCJoaAedneRsDfJsGn75S, 2018-06-20T21:23:12Z, 432CD4YSJ4PYT, XaQC9h9jZuTZS8gSiyuiC89eV, 3NqHi3iRUt6CHmUZwqioXvMF, 2018-06-20T21:23:12Z, ApplePay Test Order, 109, USD, 2, USD, APPROVED, {Weblinc Order ID: W2785009985}
qsCFnRQQ04jdgszDJ875S, 2018-06-20T21:23:07Z, 432CD4YSJ4PYT, NZOMBkwtAZl4MpX4kcUhv9xeV, cPV7rdnInruIW92PLTYI4wMF, 2018-06-20T21:23:07Z, Refund via API, 10900, USD, 0, USD, REJECTED, {Weblinc Order ID: W2662274908}
sj76WFGqsomRWW1EZqt5S, 2018-06-20T21:22:32Z, 432CD4YSJ4PYT, 9xeULh4zcCWsLJCq6M7htK8eV, FPr79FTivPj6lmthzI4fRvMF, 2018-06-20T21:22:32Z, Refund via API, 33988, USD, 751, USD, APPROVED, {Weblinc Order ID: W6113270073}
iWN9mxgMcgVzCHp3gi95S, 2018-06-20T21:22:30Z, 432CD4YSJ4PYT, L6fyQkmwzf0mcMxkOFbhVc6eV, OODkixks2iiIzIqjctdW4zMF, 2018-06-20T21:22:30Z, ApplePay Test Order, 109, USD, 2, USD, APPROVED, {Weblinc Order ID: W3875730271}
6iJveC33t47nYKO1xL65S, 2018-06-20T21:21:57Z, 432CD4YSJ4PYT, NZOMBkwtAZl4MpX4kcUhv9xeV, cPV7rdnInruIW92PLTYI4wMF, 2018-06-20T21:21:57Z, ApplePay test order, 109, USD, 2, USD, APPROVED, {Weblinc Order ID: W2662274908}
0lQdOpRbwFXeuTk8Qnw5S, 2018-06-20T21:21:53Z, 432CD4YSJ4PYT, boKgR8UFAec0unoBku72XRgeV, RBKuzAjhiGybRKPBI1mmfuMF, 2018-06-20T21:21:53Z, Refund via API, 6800, USD, 150, USD, APPROVED, {Weblinc Order ID: W3377399077}
45tlbc5MaG76CxHK4fr5S, 2018-06-20T21:21:13Z, 432CD4YSJ4PYT, PC8L8RNImlilw34iyIJqsteeV, 4FqFbxdhFhoGpHYkdPPeOvMF, 2018-06-20T21:21:13Z, Refund via API, 94068, USD, 2079, USD, APPROVED, {Weblinc Order ID: W7785493838}
eCkFEyaBuLbU7rs7s415S, 2018-06-20T21:20:02Z, 432CD4YSJ4PYT, badhVbP9o8RoyVwQ9sE0pr4eV, zPMFNj6pTUNJ47kRkOqOFzMF, 2018-06-20T21:20:02Z, Refund via API, 19944, USD, 441, USD, APPROVED, {Weblinc Order ID: W6514791654}
UrB0u6E7DrM2HwUPQtq5S, 2018-06-20T21:18:54Z, 432CD4YSJ4PYT, 3mwHf9rySJ44tNDeebZeWS0eV, lX1UHWAfFKvamjshVL07ptMF, 2018-06-20T21:18:54Z, Refund via API, 19600, USD, 433, USD, APPROVED, {Weblinc Order ID: W9751865202}
w1Jrbw434nJW4jYWxIA6S, 2018-06-20T21:17:40Z, 432CD4YSJ4PYT, 5TWXfxP8ovhzVUl9BuJqL08eV, xFuKrvzmMeN1RLJHmpO2PwMF, 2018-06-20T21:17:40Z, Refund via API, 18600, USD, 411, USD, APPROVED, {Weblinc Order ID: W8302164295}
YXwdkUxFQLqItLbSjWz5S, 2018-06-20T21:17:30Z, 432CD4YSJ4PYT, BLG8Mh0vKgqOm4PiEB4dSUweV, YQ5Scaxi1s28ihVnWtiLavMF, 2018-06-20T21:17:30Z, Refund via API, 40937, USD, 905, USD, APPROVED, {Weblinc Order ID: W1728232501}
egTNA2md6PX5GTumC4B6S, 2018-06-20T21:14:50Z, 432CD4YSJ4PYT, tr1xMj5PY2tSqhLnffcBPNqeV, ObcSGNWNOGf9Y9RL5MP2VwMF, 2018-06-20T21:14:50Z, Refund via API, 43114, USD, 952, USD, APPROVED, {Weblinc Order ID: W4310348387}
4bYImsFOkPV6uiTnnwm5S, 2018-06-20T21:10:03Z, 432CD4YSJ4PYT, bAii7kfhbDYYwmpy1DpIPuteV, Pt4H7HtLf2AEQ41zeFyckxMF, 2018-06-20T21:10:03Z, Refund via API, 109, USD, 2, USD, APPROVED, {Weblinc Order ID: W8801167074}
GQviB3bR4fGQKdnno8t5S, 2018-06-20T21:03:14Z, 432CD4YSJ4PYT, r6zEUX1d4tyki0V1YT8f5creV, bjQ9hZ4pOKVNxtlLEeNU7zMF, 2018-06-20T21:03:14Z, Refund via API, 23626, USD, 522, USD, APPROVED, {Weblinc Order ID: W5261647925}
2kNkSX9liqltHUwuLmn5S, 2018-06-20T20:59:42Z, 432CD4YSJ4PYT, FPziKWFDhVnJjIYTUFF9yGveV, rr9CXk4aaeU4ZPBExNxfpzMF, 2018-06-20T20:59:42Z, Refund via API, 30267, USD, 669, USD, APPROVED, {Weblinc Order ID: W7288878461}
SUqOwftN3UzT2bV4WcB6S, 2018-06-20T20:58:46Z, 432CD4YSJ4PYT, LS5zhcZNN6rBborAsnuMrAfeV, HReKTWgpuAhmBQGV8lXQeuMF, 2018-06-20T20:58:46Z, Refund via API, 36600, USD, 809, USD, APPROVED, {Weblinc Order ID: W6155831650}
UDJsLSqRBMnLoIPoqbw5S, 2018-06-20T20:56:49Z, 432CD4YSJ4PYT, zW7UNha683EAyZ997phzp1peV, NoNg3hmlQBHWT2Ge7YThzwMF, 2018-06-20T20:56:49Z, Refund via API, 28050, USD, 0, USD, REJECTED, {Weblinc Order ID: W6445565266}
Si377AgIBffZEZLyUqx5S, 2018-06-20T20:56:38Z, 432CD4YSJ4PYT, zW7UNha683EAyZ997phzp1peV, NoNg3hmlQBHWT2Ge7YThzwMF, 2018-06-20T20:56:38Z, Refund via API, 28050, USD, 0, USD, REJECTED, {Weblinc Order ID: W6445565266}
6kOHPFrMvcCF1wMgHM15S, 2018-06-20T20:55:17Z, 432CD4YSJ4PYT, BRZQcy4tJelEbXZih8d7gfgeV, 4pyu6BJoPtdrUFtcoV9qDtMF, 2018-06-20T20:55:17Z, Refund via API, 47400, USD, 1048, USD, APPROVED, {Weblinc Order ID: W8207171104}
qyH8izHoRRlplrsSfHv5S, 2018-06-20T20:53:52Z, 432CD4YSJ4PYT, jQI8oEBRDy8setbWMr5MMJseV, xCaz2YagL4O6pBC0aPNsPvMF, 2018-06-20T20:53:52Z, Refund via API, 22200, USD, 491, USD, APPROVED, {Weblinc Order ID: W2969884401}
y88ViNSC2UIoIyAZDLu5S, 2018-06-20T20:53:14Z, 432CD4YSJ4PYT, PUJF8do4gTE0F9rclOGqZE3eV, SVyLZQ04ZzQlrNaFdWtsZvMF, 2018-06-20T20:53:14Z, Refund via API, 9800, USD, 216, USD, APPROVED, {Weblinc Order ID: W6691881140}
0xcOpTzegOQN8pj98zk5S, 2018-06-20T20:52:03Z, 432CD4YSJ4PYT, p3IDsYJ7EAkAEBuxuamISv5eV, LybaeOIhWdflBiVtsZ7P6xMF, 2018-06-20T20:52:03Z, Refund via API, 46050, USD, 1018, USD, APPROVED, {Weblinc Order ID: W7620598077}
CMcVZuKIQIQbmPxy9xB6S, 2018-06-20T20:51:08Z, 432CD4YSJ4PYT, r6hbqU6tTHlTVFY03adlpF6eV, TUXZEZKs8xm0QI3y7CMOCtMF, 2018-06-20T20:51:08Z, Refund via API, 70334, USD, 1555, USD, APPROVED, {Weblinc Order ID: W5233243063}
s3h6h226TOzyYZTHx305S, 2018-06-20T20:50:17Z, 432CD4YSJ4PYT, z8OABaDpPNGGsDKOsbmv2HqeV, 1Vi38c19agWWVjN7RzvOvwMF, 2018-06-20T20:50:17Z, Refund via API, 29180, USD, 645, USD, APPROVED, {Weblinc Order ID: W2496670938}
IjuNZplJvVVK0N35RTq5S, 2018-06-20T20:49:04Z, 432CD4YSJ4PYT, DufoGqAD8h6668cHtZzrkmweV, KCBOrYBqMkWYK9rEmZW3VzMF, 2018-06-20T20:49:04Z, Refund via API, 23735, USD, 524, USD, APPROVED, {Weblinc Order ID: W3013856950}
aI6OIeTc4766H2pTf8t5S, 2018-06-20T20:48:43Z, 432CD4YSJ4PYT, Rd5lnuGSNYU3pRp4OLw1XikeV, jZT9iUhCNS6FcfWRlC317vMF, 2018-06-20T20:48:43Z, Refund via API, 23735, USD, 525, USD, APPROVED, {Weblinc Order ID: W7045463163}
o9zbyy1yim3esLu5bw75S, 2018-06-20T20:46:50Z, 432CD4YSJ4PYT, LkwavDLGczhK4eqpaODKXLjeV, pJwV7OVHBd5LpcGQFJvwjsMF, 2018-06-20T20:46:50Z, Refund via API, 9600, USD, 212, USD, APPROVED, {Weblinc Order ID: W5249281487}
kxMgDDurhZylqwfgdCw5S, 2018-06-20T20:44:43Z, 432CD4YSJ4PYT, tZeyQB8I81gLJjvGb3MZILneV, bg7YydigZBIOsVA8fb5hB0MF, 2018-06-20T20:44:43Z, Refund via API, 31200, USD, 690, USD, APPROVED, {Weblinc Order ID: W5976354466}
CUUJqQOu9POz9aZ9aG35S, 2018-06-20T20:43:34Z, 432CD4YSJ4PYT, 97ZhOGo0bQ5BNYNSBmtjjbneV, ezS0YkYmLsYSq6AKNqzeywMF, 2018-06-20T20:43:34Z, Refund via API, 6600, USD, 146, USD, APPROVED, {Weblinc Order ID: W7884502474}
oFXxnFUQRmFZlcXtVzt5S, 2018-06-20T20:43:34Z, 432CD4YSJ4PYT, h1jkglt6OqcdGSeJZJoNOj9eV, BpGWIzo8jzrryAqkOOORRuMF, 2018-06-20T20:43:34Z, Refund via API, 17600, USD, 389, USD, APPROVED, {Weblinc Order ID: W5536486145}
wPSZvELbmVq72tnJpQv5S, 2018-06-20T20:43:04Z, 432CD4YSJ4PYT, bKNNN1s9KvzqKWHfk4H6OLfeV, zb6orFJB46UgHu1fmftUmsMF, 2018-06-20T20:43:04Z, Refund via API, 27800, USD, 614, USD, APPROVED, {Weblinc Order ID: W9758489968}
KevbvZ0iptA922z3NNr5S, 2018-06-20T20:42:42Z, 432CD4YSJ4PYT, J7WpovK10MiS6xoa2ZEmlqAfV, zAMvsIjOhK4hWAog63DMQyMF, 2018-06-20T20:42:42Z, Refund via API, 9600, USD, 212, USD, APPROVED, {Weblinc Order ID: W2401984713}
ct6NCrdzJBlOAdqA8Cx5S, 2018-06-20T20:40:44Z, 432CD4YSJ4PYT, T6BSTqgb0Bb02W9Y4EdQUlmeV, 6AIzGGarM4DJe7pKlmprAuMF, 2018-06-20T20:40:44Z, Refund via API, 7800, USD, 172, USD, APPROVED, {Weblinc Order ID: W2745290085}
whnrhC9Pn92hQlmea8o5S, 2018-06-20T20:38:16Z, 432CD4YSJ4PYT, dffPSkTqnlYnqJec6rx3TIoeV, b5HFW6TD5APBxowNUOtgKyMF, 2018-06-20T20:38:16Z, Refund via API, 23599, USD, 521, USD, APPROVED, {Weblinc Order ID: W4077877524}
OUF329qjkyHMj5Ldn2r5S, 2018-06-20T20:22:06Z, 432CD4YSJ4PYT, lV2qo6irSx9wlN6TXAUkl26eV, aihUEdspeAKJgAf6unRXiwMF, 2018-06-20T20:22:06Z, Refund via API, 28447, USD, 629, USD, APPROVED, {Weblinc Order ID: W8820445343}
2cLhy4Dc36ui3FzXEKw5S, 2018-06-20T20:22:01Z, 432CD4YSJ4PYT, VTROaRelZEImFJETMSLTOS7eV, skyVL6MeXZoyD4q3E7KnlzMF, 2018-06-20T20:22:01Z, Refund via API, 35916, USD, 794, USD, APPROVED, {Weblinc Order ID: W5207079643}
WAdNmAeutBur9QRw7G85S, 2018-06-20T20:19:03Z, 432CD4YSJ4PYT, P2Mys6LwJjeVqPoml0wgvKzeV, DsRXtpbz3QFZzutMTebexwMF, 2018-06-20T20:19:03Z, Refund via API, 232600, USD, 5141, USD, APPROVED, {Weblinc Order ID: W6427275553}
awa4WqWeJaYSR55wog05S, 2018-06-20T20:18:10Z, 432CD4YSJ4PYT, PM9hETFYHmNmV76lgU8kvSxeV, TSQngmreRjbhQChBjGUxLtMF, 2018-06-20T20:18:10Z, Refund via API, 31200, USD, 690, USD, APPROVED, {Weblinc Order ID: W8243074870}
mSOJlExDi4AA6Hn5Kp75S, 2018-06-20T20:14:05Z, 432CD4YSJ4PYT, VfNvBn8lPbLckFgaMX1ZaYveV, pLkHg1xf6Bw6ylHLKWRtbyMF, 2018-06-20T20:14:05Z, Refund via API, 32700, USD, 723, USD, APPROVED, {Weblinc Order ID: W4419362437}
YV31k3n1vVUCOY9p5O85S, 2018-06-20T20:10:13Z, 432CD4YSJ4PYT, ljrbdQnUNSeSjFLKtBPXYEoeV, D6E5CmnoaJt693wdZfIhjwMF, 2018-06-20T20:10:13Z, Refund via API, 27001, USD, 597, USD, APPROVED, {Weblinc Order ID: W8206006659}
8N8CMY44grwWckcYB1B6S, 2018-06-20T20:09:50Z, 432CD4YSJ4PYT, VdEBUhvWBHlvb6vKF6ukWgkeV, CIzGhc4MME9qHn1HKNvjlzMF, 2018-06-20T20:09:50Z, Refund via API, 158577, USD, 3505, USD, APPROVED, {Weblinc Order ID: W9905155641}
GAzO8n1DcJQeWp5J3UB6S, 2018-06-20T20:08:46Z, 432CD4YSJ4PYT, Ty9YW0zuvqhq715SyVTJ7P0eV, w17xOTf3b5LXlRfmRwhRsyMF, 2018-06-20T20:08:46Z, Refund via API, 108843, USD, 2406, USD, APPROVED, {Weblinc Order ID: W3513536969}
CEs5aMqbY0J7Z3Ocb5r5S, 2018-06-20T20:04:24Z, 432CD4YSJ4PYT, N9cSnzRMGVX5qZYy0Lgpx7geV, RjrYFtcctH9iDrMqU5he7sMF, 2018-06-20T20:04:24Z, Refund via API, 74460, USD, 1646, USD, APPROVED, {Weblinc Order ID: W5477362833}
UNwDwtH2nCkqqfYVzYo5S, 2018-06-20T20:03:17Z, 432CD4YSJ4PYT, XE3jtxW4QruW138s3ljxKr8eV, VvyDiCh6USWjTS0N3XwdlvMF, 2018-06-20T20:03:17Z, Refund via API, 113778, USD, 2515, USD, APPROVED, {Weblinc Order ID: W1936175482}
6uDfN0RQv1e5GZJY7In5S, 2018-06-20T19:58:39Z, 432CD4YSJ4PYT, 3CIozgr1ivXIiiF16gDLXPgeV, l04zSgDBacjYpzz8UgD5wsMF, 2018-06-20T19:58:39Z, Refund via API, 53436, USD, 1181, USD, APPROVED, {Weblinc Order ID: W1106393976}
eOsSoXz0gMtiJLCcHrt5S, 2018-06-20T19:57:08Z, 432CD4YSJ4PYT, 3yQyuDeAEsBQPYYNeYnbogyeV, qzaFUeLKL27RjGOUx7K2kuMF, 2018-06-20T19:57:08Z, Refund via API, 81600, USD, 1804, USD, APPROVED, {Weblinc Order ID: W1361772872}
K8kMw4N0KB5RTLncLjk5S, 2018-06-20T19:55:05Z, 432CD4YSJ4PYT, pRTIpbgZhjJUhceePhy7nL9eV, odXJD744eabvHVcQRANAnwMF, 2018-06-20T19:55:05Z, Refund via API, 32100, USD, 709, USD, APPROVED, {Weblinc Order ID: W4660177870}
w1tlnKxOhjGG3V8nmRB6S, 2018-06-20T19:52:39Z, 432CD4YSJ4PYT, 1PjGZy4zsijSiPDGveIpSp1eV, 3OuLLprctYkAVV1xgltcltMF, 2018-06-20T19:52:39Z, Refund via API, 44036, USD, 974, USD, APPROVED, {Weblinc Order ID: W9834229106}
Qb4fQGTVGCamU2paFIu5S, 2018-06-20T19:51:11Z, 432CD4YSJ4PYT, vsr4ccO1z3jBUXHZuYxGge9eV, S8xkpI9weK3di79fzOInfxMF, 2018-06-20T19:51:11Z, Refund via API, 9600, USD, 212, USD, APPROVED, {Weblinc Order ID: W2233091450}
UFiEtoGAfjHO3Mj3SCm5S, 2018-06-20T19:51:05Z, 432CD4YSJ4PYT, tnJmbW0pAr1Q8J8mwp2D1efeV, 4r9xZz16paNYtFpuT2jafxMF, 2018-06-20T19:51:05Z, Refund via API, 9800, USD, 217, USD, APPROVED, {Weblinc Order ID: W5812739785}
WsLfvLYXO7DVm3wUN585S, 2018-06-20T19:49:48Z, 432CD4YSJ4PYT, bAMfNV2CUimJdiWSVbO45RueV, XOnDKw7A9QrQftyj2poiptMF, 2018-06-20T19:49:48Z, Refund via API, 19600, USD, 433, USD, APPROVED, {Weblinc Order ID: W4385108847}
o7KJzo03DPjcy8grqm85S, 2018-06-20T19:49:29Z, 432CD4YSJ4PYT, LW3BFSv2SqiujKcCDdH7Wi8eV, l4bHKkZ4wfUDuhPh3VKyavMF, 2018-06-20T19:49:29Z, Refund via API, 13888, USD, 307, USD, APPROVED, {Weblinc Order ID: W5419129410}
eYXVUhh8LeUWOh3MLs95S, 2018-06-20T19:48:07Z, 432CD4YSJ4PYT, ZDEwgd9k0sWRuElGu61z7oveV, VQ7q7HuvbgdhyQ2W5HxaJxMF, 2018-06-20T19:48:07Z, Refund via API, 14200, USD, 313, USD, APPROVED, {Weblinc Order ID: W5635163966}
iCHvkUqjclKqwQkmiH85S, 2018-06-20T19:46:14Z, 432CD4YSJ4PYT, 3knX5V1YABdInLNwPdJv2J7eV, 2Sn01iALcLsu0OC9TI7aQuMF, 2018-06-20T19:46:14Z, Refund via API, 9600, USD, 212, USD, APPROVED, {Weblinc Order ID: W7613058046}
2WKE36xab7kAOxptuy65S, 2018-06-20T19:45:32Z, 432CD4YSJ4PYT, Rb8JA60qEi8jvqEtqbgZoFreV, z71sHbeBhvYqmtGKHSQzyzMF, 2018-06-20T19:45:32Z, Refund via API, 12800, USD, 283, USD, APPROVED, {Weblinc Order ID: W9436681672}
wNlFIKev5ppdTmKxxY55S, 2018-06-20T19:45:01Z, 432CD4YSJ4PYT, Pg3Lhv09MVBsiCx9XR3UMt9eV, t5ZcJUJJilNSsdMYUiEmDzMF, 2018-06-20T19:45:01Z, Refund via API, 7200, USD, 159, USD, APPROVED, {Weblinc Order ID: W3792081753}
umOFTBmKe39NvXVpml85S, 2018-06-20T19:44:40Z, 432CD4YSJ4PYT, PgnVIAHWqBu0t5DQrUkz2PveV, I5r763lZeDCSt0ulR93dWvMF, 2018-06-20T19:44:40Z, Refund via API, 39600, USD, 875, USD, APPROVED, {Weblinc Order ID: W2465966321}
yMc3tFwiU8iApflq0Uq5S, 2018-06-20T19:42:00Z, 432CD4YSJ4PYT, DGbCpjudvEx2Fgx2oidxaYreV, myzRD4VDj8hX46a4DC3SUtMF, 2018-06-20T19:42:00Z, Refund via API, 11800, USD, 261, USD, APPROVED, {Weblinc Order ID: W5446700790}
AnIqkUqrPbFXhylhUV75S, 2018-06-20T19:40:29Z, 432CD4YSJ4PYT, F9Gg49JiGEscFxT0EjNMQxpeV, r2WjP0ROvfQNRYmRKPDcOvMF, 2018-06-20T19:40:29Z, Refund via API, 16350, USD, 361, USD, APPROVED, {Weblinc Order ID: W8725890229}
ueaHqwpLip37Nd9sxmk5S, 2018-06-20T19:38:51Z, 432CD4YSJ4PYT, Z9LXHmiPa8oKrEhdKsdofrreV, 3Rhlsh4OTzSjaFL3PdFrKzMF, 2018-06-20T19:38:51Z, Refund via API, 16350, USD, 361, USD, APPROVED, {Weblinc Order ID: W5866800140}
imxjCfZDOKehMcBhZQt5S, 2018-06-20T19:38:41Z, 432CD4YSJ4PYT, d7v8Yqgb8JVFIgBE89TIk4peV, NkX4sm99Bif6Sh6mTDG8UyMF, 2018-06-20T19:38:41Z, Refund via API, 21557, USD, 476, USD, APPROVED, {Weblinc Order ID: W3373017462}
em277ydmVzxuaSKspe35S, 2018-06-20T19:38:08Z, 432CD4YSJ4PYT, LAAjZ0ceyL6O9zYEscX40syeV, O9ibyBGIEHkcLsI7PPQxmtMF, 2018-06-20T19:38:08Z, Refund via API, 26800, USD, 592, USD, APPROVED, {Weblinc Order ID: W4651896570}
OAvxW3x2tid6g5pqOJu5S, 2018-06-20T19:37:18Z, 432CD4YSJ4PYT, XS6HW82xAmjrAFd5Lokyy90eV, hTgNYjZgHbLOcOemL1nDVxMF, 2018-06-20T19:37:18Z, Refund via API, 42800, USD, 946, USD, APPROVED, {Weblinc Order ID: W3577654106}
i4IW6eyHy9qCq3Oj2x75S, 2018-06-20T19:35:11Z, 432CD4YSJ4PYT, XkV0Ea8vKB96jQeOKV4Ajv8eV, RhUNLx51557AKElIUnlmMuMF, 2018-06-20T19:35:11Z, Refund via API, 12127, USD, 268, USD, APPROVED, {Weblinc Order ID: W6315675317}
MjhPL2uIKGFIOV97aB45S, 2018-06-20T19:33:50Z, 432CD4YSJ4PYT, JdvdGWgRpvIp5OfdxzeKOJ3eV, 9IuEh4bFEM9e1M7xBLOuXyMF, 2018-06-20T19:33:50Z, Refund via API, 5800, USD, 129, USD, APPROVED, {Weblinc Order ID: W8334839487}
KsW5OPNHLqAHqGDH9Cw5S, 2018-06-20T19:32:10Z, 432CD4YSJ4PYT, T0YlUT1E6GivFPDCywb54greV, VjvmpYxDxlpwT2JkVjkdzxMF, 2018-06-20T19:32:10Z, Refund via API, 1533, USD, 34, USD, APPROVED, {Weblinc Order ID: W9336988036}
auFO60WbziTDdsQuBK15S, 2018-06-20T19:29:58Z, 432CD4YSJ4PYT, VNglz8b2IpuV81Y0NruagU7eV, 7lYpjldIMq4pWjCeh0f0mwMF, 2018-06-20T19:29:58Z, Refund via API, 56400, USD, 1246, USD, APPROVED, {Weblinc Order ID: W7358985889}
uugmy8hVaShHoJvkt7w5S, 2018-06-20T19:26:55Z, 432CD4YSJ4PYT, lPVlvZTzlPJtbwIu5caglboeV, HjtQb3rolvo8wm2ub1Ii2uMF, 2018-06-20T19:26:55Z, Refund via API, 17801, USD, 393, USD, APPROVED, {Weblinc Order ID: W2904124784}
686VUSMoGIyuoaDu4vv5S, 2018-06-20T19:25:12Z, 432CD4YSJ4PYT, HugV4KZn6jNDrw4raypc5S6eV, 1W4VPRwbOQpQJA198VGssuMF, 2018-06-20T19:25:12Z, Refund via API, 22200, USD, 491, USD, APPROVED, {Weblinc Order ID: W7274152542}
E3NjRMwOnkLrqb8gh7j5S, 2018-06-20T19:24:54Z, 432CD4YSJ4PYT, DMoZ6fC8D6JcbMKsX9cteu8eV, 1nckDms07CXw2TtUY5ifYyMF, 2018-06-20T19:24:54Z, Refund via API, 13856, USD, 306, USD, APPROVED, {Weblinc Order ID: W7458147350}
Cc2m9iKXVhlLmJhXJl35S, 2018-06-20T19:23:41Z, 432CD4YSJ4PYT, tjJ712OkOYdzHwdOH5uUG5keV, pIezwqMPfiaLClQUuIIovzMF, 2018-06-20T19:23:41Z, Refund via API, 12016, USD, 266, USD, APPROVED, {Weblinc Order ID: W8683175947}
czrWnnYsBBr751YtYOy5S, 2018-06-20T19:23:26Z, 432CD4YSJ4PYT, BzYR3BgzuwFCpbbH0rRz6j4eV, mrCepkPYXD4LxTbnBNQs1wMF, 2018-06-20T19:23:26Z, Refund via API, 21400, USD, 473, USD, APPROVED, {Weblinc Order ID: W8857542450}
GEv59QLF0ZM6rCMcwHv5S, 2018-06-20T19:23:06Z, 432CD4YSJ4PYT, jyNKcPokYV41ReFsQz3nHb6eV, Wo06jTm8mm5hZqruxZdMNwMF, 2018-06-20T19:23:06Z, Refund via API, 19491, USD, 431, USD, APPROVED, {Weblinc Order ID: W3219033096}
kJIsnuJqB0s3NYNnkP45S, 2018-06-20T19:22:50Z, 432CD4YSJ4PYT, X4trM0JJohiQ6jPvnPu1cN8eV, YHaRiscQsn3BPbTossuqgtMF, 2018-06-20T19:22:50Z, Refund via API, 15841, USD, 350, USD, APPROVED, {Weblinc Order ID: W8597449465}
8JSszMYCC4rTwf2zLk85S, 2018-06-20T19:22:33Z, 432CD4YSJ4PYT, p1J2p8OWtt7VwYGQ8yuQw9geV, qB1Gp8JCGMYhDSq5cPUchxMF, 2018-06-20T19:22:33Z, Refund via API, 5850, USD, 129, USD, APPROVED, {Weblinc Order ID: W9213049333}
sNqVVLNhpa5sQ3MDWan5S, 2018-06-20T19:22:07Z, 432CD4YSJ4PYT, DWD2v5EVOAsHB51F4xzeUH4eV, Bj4TQZWg1Hyt4GSEazovNuMF, 2018-06-20T19:22:07Z, Refund via API, 9691, USD, 214, USD, APPROVED, {Weblinc Order ID: W2130587835}
kvBZYCwUAksO1Fj3X4B6S, 2018-06-20T19:22:04Z, 432CD4YSJ4PYT, L6TQGyi96FMsQdJBFlTRoOteV, HNIXBhlT1YhJ5ZSHmfvQjzMF, 2018-06-20T19:22:04Z, Refund via API, 23871, USD, 528, USD, APPROVED, {Weblinc Order ID: W2221730098}
UNSmX68vkWlbv1PUiL65S, 2018-06-20T19:21:47Z, 432CD4YSJ4PYT, 5DaZzucek6w4JHsODOo4s80eV, H1aJaN8tQlIthO96P6QfsvMF, 2018-06-20T19:21:47Z, Refund via API, 3071, USD, 68, USD, APPROVED, {Weblinc Order ID: W5820509927}
QZF2aXdjoBafKpTdjSk5S, 2018-06-20T19:19:48Z, 432CD4YSJ4PYT, V5QkEsXTZBo48guYZAIvFj3eV, Csmd8VwinnTDT73Zt0jIzsMF, 2018-06-20T19:19:48Z, Refund via API, 21483, USD, 475, USD, APPROVED, {Weblinc Order ID: W9255762135}
mOw3hdWTol78RrWU7it5S, 2018-06-20T19:19:39Z, 432CD4YSJ4PYT, jwqZqSy94iA09i0XRsiTKtkeV, U8VWV89yLxtxfUEralQuhxMF, 2018-06-20T19:19:39Z, Refund via API, 35644, USD, 788, USD, APPROVED, {Weblinc Order ID: W4403941258}
GY5xtAcAxpYzYGu5Vkn5S, 2018-06-20T19:18:41Z, 432CD4YSJ4PYT, tNsosGLNmYJlxrvtHiQlyIreV, km7segVe0ZyZYU7E5JWaIwMF, 2018-06-20T19:18:41Z, Refund via API, 46980, USD, 1038, USD, APPROVED, {Weblinc Order ID: W6260106817}
A5LXsyxWJZ12xCVHEKz5S, 2018-06-20T19:17:02Z, 432CD4YSJ4PYT, juDMFc5mnkphu0QfaWugSszeV, 2pSXQHROqQMRfvTEGeZRVtMF, 2018-06-20T19:17:02Z, Refund via API, 27001, USD, 597, USD, APPROVED, {Weblinc Order ID: W3433830624}
w5ByjZuMwB4vxiuAEUs5S, 2018-06-20T19:15:52Z, 432CD4YSJ4PYT, RbwbEYXvkQKRhOJPXZ8ROkqeV, eOqhDigmbSxo4zseVZjbysMF, 2018-06-20T19:15:52Z, ApplePay refund, 109, USD, 2, USD, APPROVED, {Weblinc Order ID: W7883766284}
8TX0LOmeQjXs0Hs91h05S, 2018-06-20T19:14:57Z, 432CD4YSJ4PYT, Ntwew6kJYjU9wYWElkE8GpjeV, BbuwGXzyzkADEMInpliGtwMF, 2018-06-20T19:14:57Z, Refund via API, 16350, USD, 362, USD, APPROVED, {Weblinc Order ID: W3444204668}
ITg8kCdnlLnfvQ8GAe35S, 2018-06-20T19:13:17Z, 432CD4YSJ4PYT, Dc4bpXU7A6wSbW40jtQgBj0eV, A2mfT1S1ogJNvffc9Q9ZyzMF, 2018-06-20T19:13:17Z, Refund via API, 21800, USD, 482, USD, APPROVED, {Weblinc Order ID: W4136906909}
mCKrtwZh153XdXyYHN75S, 2018-06-20T19:13:07Z, 432CD4YSJ4PYT, tj1xBS5C0rSqe8ffb0TgX36eV, zZy4IQDZuCsU9EDJOszNbvMF, 2018-06-20T19:13:07Z, Refund via API, 12155, USD, 269, USD, APPROVED, {Weblinc Order ID: W2746412367}
An8o4LpfUDVFG470rSB6S, 2018-06-20T19:12:43Z, 432CD4YSJ4PYT, PakFU4YQNaDjH71ti6g2JfmeV, fETY348O2SZ6mYHRo5qgBtMF, 2018-06-20T19:12:43Z, Refund via API, 8443, USD, 186, USD, APPROVED, {Weblinc Order ID: W8466559254}
eAf7a5RrwlxmFOB0rY15S, 2018-06-20T19:12:04Z, 432CD4YSJ4PYT, TaLfBb32ok1FMTsFKAtfmK8eV, X731ZXGrEefYXrEIVBYyyuMF, 2018-06-20T19:12:04Z, Refund via API, 16350, USD, 361, USD, APPROVED, {Weblinc Order ID: W9210264057}
6QwbgoUWSNBKTOjYmq95S, 2018-06-20T19:10:54Z, 432CD4YSJ4PYT, TCbL2Aur13QYXhTNc8yWk98eV, lrT09n5MDkccpzHdVtTMtyMF, 2018-06-20T19:10:54Z, Refund via API, 10706, USD, 237, USD, APPROVED, {Weblinc Order ID: W7614695966}
Ka1TbI7G3xlaOWORMgu5S, 2018-06-20T19:10:27Z, 432CD4YSJ4PYT, bCpVR58N6EGVG6p2PDNhxYieV, j73rwzqKg3KfBBKjUjGzWtMF, 2018-06-20T19:10:27Z, Refund via API, 47742, USD, 1055, USD, APPROVED, {Weblinc Order ID: W4746172576}
OaMZgOgcRKz7ptv8v765S, 2018-06-20T19:10:24Z, 432CD4YSJ4PYT, Bfo80oSYMtPEXoirC4hJ6jreV, xUwjZhWL7hqipM73VArUztMF, 2018-06-20T19:10:24Z, Refund via API, 23490, USD, 519, USD, APPROVED, {Weblinc Order ID: W7855071760}
gx9kNnfbb0EoxzzBvXr5S, 2018-06-20T19:09:58Z, 432CD4YSJ4PYT, Hs1On8OLoznbbe5YCcg0cZteV, Ny80uhKr1cC9Z5qHGVUKpuMF, 2018-06-20T19:09:58Z, Refund via API, 7350, USD, 162, USD, APPROVED, {Weblinc Order ID: W5263704357}
6Q2mEEWIhRmEvgeUfx35S, 2018-06-20T19:09:16Z, 432CD4YSJ4PYT, BxJcgvDSrZa4nWZrMGkFoNneV, NNDk0EAjUSnuPFJUDHg4EtMF, 2018-06-20T19:09:16Z, Refund via API, 57200, USD, 1264, USD, APPROVED, {Weblinc Order ID: W1725616608}
eaCee7iBmTdZtV0ROsm5S, 2018-06-20T19:08:36Z, 432CD4YSJ4PYT, fi8HplMo0yBxjzvY2CoiuSxeV, QKsNG9rcHVR809um2L3b0tMF, 2018-06-20T19:08:36Z, Refund via API, 6303, USD, 139, USD, APPROVED, {Weblinc Order ID: W2190253814}
wFFV7SzQNbAKCQig1q85S, 2018-06-20T19:07:38Z, 432CD4YSJ4PYT, z4UUnxTlf8w0E6PRKXZewe9eV, AZKCPnmFHM6JIDCogZVsLvMF, 2018-06-20T19:07:38Z, Refund via API, 14850, USD, 328, USD, APPROVED, {Weblinc Order ID: W7665125704}
U9sNeocmDtpoE5L9keu5S, 2018-06-20T19:07:16Z, 432CD4YSJ4PYT, TuTq3V0yR2H2PQXgjsL1LZxeV, Zxpo8ZRYRGBnYxHn3BHBfyMF, 2018-06-20T19:07:16Z, Refund via API, 19800, USD, 438, USD, APPROVED, {Weblinc Order ID: W2662270995}
4TcyP5WQT2GTM1KCmn65S, 2018-06-20T19:06:59Z, 432CD4YSJ4PYT, nYjsEFNcY4UemBT3GsHcRQneV, T58aVNVFUDfMj393BtROwuMF, 2018-06-20T19:06:59Z, Refund via API, 42048, USD, 929, USD, APPROVED, {Weblinc Order ID: W2469674718}
ygiNFpp9AY6i3gN2zds5S, 2018-06-20T19:05:29Z, 432CD4YSJ4PYT, 55FhFXqOrEJGJW6Xs3A2H3jeV, fXlvsJngQYb0xdACCrM2vuMF, 2018-06-20T19:05:29Z, Refund via API, 42244, USD, 934, USD, APPROVED, {Weblinc Order ID: W6417698487}
2szv3FEg8oEtdXdo0qz5S, 2018-06-20T19:01:56Z, 432CD4YSJ4PYT, HENw3rJw8K0Ol3meJXfASUkeV, jMUtS59sUwsjDodgUJa5UwMF, 2018-06-20T19:01:56Z, Refund via API, 23599, USD, 522, USD, APPROVED, {Weblinc Order ID: W3685300455}
0BeTv6sMOP9BF6oIeX55S, 2018-06-20T18:59:14Z, 432CD4YSJ4PYT, xFrig02E2BMgkVQLMmKdnEreV, GbllSLjMKKbFQSgcAQBMdyMF, 2018-06-20T18:59:14Z, Refund via API, 30200, USD, 668, USD, APPROVED, {Weblinc Order ID: W6634620285}
uucaFs9IzBfi6UQKWWz5S, 2018-06-20T18:56:00Z, 432CD4YSJ4PYT, BFFluwIIk1OATPOf8QqBwsyeV, 8iXIQwri8Lfhq4PszGfTvxMF, 2018-06-20T18:56:00Z, Refund via API, 32412, USD, 716, USD, APPROVED, {Weblinc Order ID: W8346220990}
MJIx326KmkotR6UARy65S, 2018-06-20T18:46:44Z, 432CD4YSJ4PYT, RxdUSTIzN2wLCBY2igXWUu7eV, V7nhKQLmqfzvXccJD0lFAxMF, 2018-06-20T18:46:44Z, Refund via API, 8463, USD, 187, USD, APPROVED, {Weblinc Order ID: W3254053135}
mKWTRtXTzIrIx5BdFTw5S, 2018-06-20T18:38:40Z, 432CD4YSJ4PYT, 3OgD6fHDeAKz9uMRaN70L1feV, Mi46y4JbSIqILoswiQBEctMF, 2018-06-20T18:38:40Z, Refund via API, 21800, USD, 482, USD, APPROVED, {Weblinc Order ID: W7103828722}
WEHJg9nywI50NOdee6w5S, 2018-06-20T18:35:36Z, 432CD4YSJ4PYT, 1jl4OBxfxRzsp2H7kMsjzC2eV, bIyvb8wJgdngvtgoupp70wMF, 2018-06-20T18:35:36Z, applePay test order, 109, USD, 2, USD, APPROVED, {Weblinc Order ID: W4255274437}
WgjSngBjmrUfv1WuFEv5S, 2018-06-20T18:29:30Z, 432CD4YSJ4PYT, 5DE2DgaQPOvZa2Ps2hQnJiAfV, ZDA0N1WV4a8NPlOWsBaERyMF, 2018-06-20T18:29:30Z, Refund via API, 74471, USD, 1646, USD, APPROVED, {Weblinc Order ID: W7006407114}
YVn50QZz6U0CYCZyhZ15S, 2018-06-20T18:20:01Z, 432CD4YSJ4PYT, hhdgrYT2h5xnFs75fbyzduAfV, wbBFsN2eOXy3u6up7SLdpzMF, 2018-06-20T18:20:01Z, Refund via API, 10512, USD, 233, USD, APPROVED, {Weblinc Order ID: W7216672777}
gjchgkERbAQTneqik2x5S, 2018-06-20T18:18:56Z, 432CD4YSJ4PYT, l5U25HPivqemmyi9Ak6SyEueV, rCRldA8JaMRsZzLZISZ6svMF, 2018-06-20T18:18:56Z, Refund via API, 43114, USD, 953, USD, APPROVED, {Weblinc Order ID: W2905920275}
ywEE4sBiln2fQIkRVe55S, 2018-06-20T18:18:49Z, 432CD4YSJ4PYT, dpSSIOiM4WrZzOS4FJE1zYyeV, AJgoLbjiGI4IK3mNylr9UwMF, 2018-06-20T18:18:49Z, Refund via API, 9800, USD, 217, USD, APPROVED, {Weblinc Order ID: W7167545131}
qyLS0x6h26UQEbp6ego5S, 2018-06-20T18:18:07Z, 432CD4YSJ4PYT, hDw5jCPjCrzYNgVCHtAgvIneV, 2fTUO1iS0py4AqpgdjbTxtMF, 2018-06-20T18:18:07Z, Refund via API, 19491, USD, 431, USD, APPROVED, {Weblinc Order ID: W9070412376}
kVcZ2wfw9l7ZcKQ76jt5S, 2018-06-20T18:17:58Z, 432CD4YSJ4PYT, 32SgDWcyvP8I6H9GIY2mwMheV, CiydQXm9wBABukvtXao8byMF, 2018-06-20T18:17:58Z, Refund via API, 21681, USD, 479, USD, APPROVED, {Weblinc Order ID: W8332853792}
mqg8BQMMqZ8cEYp3iyn5S, 2018-06-20T18:17:26Z, 432CD4YSJ4PYT, NJwfOtlBKvN21G6fh9zKENxeV, IkcK98vvXB2JLDydd5HvlwMF, 2018-06-20T18:17:26Z, Refund via API, 38670, USD, 855, USD, APPROVED, {Weblinc Order ID: W2611539849}
M3H9tHqsicauDKQoFB35S, 2018-06-20T18:17:00Z, 432CD4YSJ4PYT, PWgGLrs6Ck8bHby0qLgocc6eV, hVjDzfr1nvSDMPxS0K2CwzMF, 2018-06-20T18:17:00Z, Refund via API, 10903, USD, 241, USD, APPROVED, {Weblinc Order ID: W9362488908}
AJhicHgryw4QqcNd8gx5S, 2018-06-20T18:16:55Z, 432CD4YSJ4PYT, 5DaZzucek6w4JHsODOo4s80eV, H1aJaN8tQlIthO96P6QfsvMF, 2018-06-20T18:16:55Z, Refund via API, 10344, USD, 229, USD, APPROVED, {Weblinc Order ID: W5820509927}
U5CjBdFDyXITk0INh2l5S, 2018-06-20T18:15:57Z, 432CD4YSJ4PYT, tJCgs9e0Ndwjm7SLGiu0AfleV, wZ7p4QWRgQpqkkXwTuTYowMF, 2018-06-20T18:15:57Z, Refund via API, 64449, USD, 1425, USD, APPROVED, {Weblinc Order ID: W5919626104}
svhUDV4er3tLumnIvoo5S, 2018-06-20T18:11:27Z, 432CD4YSJ4PYT, dhiMYOke5XoIwLwPHt7E7VweV, X7mSlZ93nwN21WVPpvb0oyMF, 2018-06-20T18:11:27Z, Refund via API, 29600, USD, 654, USD, APPROVED, {Weblinc Order ID: W2795696556}
KKZJhBGGHeVduueTgm55S, 2018-06-20T18:09:35Z, 432CD4YSJ4PYT, 9tm1Hm5eFa62VRB4dAeY4PteV, ZvQMFz3wBOOHqJFLSUhGntMF, 2018-06-20T18:09:35Z, Refund via API, 21681, USD, 479, USD, APPROVED, {Weblinc Order ID: W5187629041}
2EVkO4f4vQTcFXS2rh55S, 2018-06-20T18:06:06Z, 432CD4YSJ4PYT, xRfh8iB7FoirmOedZLRXQ4neV, o1yg9XTaDlaWQEYVJi0g6wMF, 2018-06-20T18:06:06Z, Refund via API, 32412, USD, 716, USD, APPROVED, {Weblinc Order ID: W2501881901}
ERSHLHsYSSEC99urHDt5S, 2018-06-20T18:05:56Z, 432CD4YSJ4PYT, 9haybovj3rP3WiJ39Das0zueV, V9gECa3tJiH2k4ETNByzksMF, 2018-06-20T18:05:56Z, ApplePay test order, 109, USD, 2, USD, APPROVED, {Weblinc Order ID: W3326083979}
isgbzFCvRsvWhghBhM65S, 2018-06-20T18:03:59Z, 432CD4YSJ4PYT, 9LRFcyCkgwluoQPIJQa60vteV, U1kWTqeKPipmgNSBaL2WrzMF, 2018-06-20T18:03:59Z, Refund via API, 72820, USD, 1610, USD, APPROVED, {Weblinc Order ID: W2711267007}
YRrgeO4MpvJe8CqJZXA6S, 2018-06-20T18:02:32Z, 432CD4YSJ4PYT, Br0bekJWz0WdInbiQBqo0jyeV, vQpm2Dxnqj04SjNJUORxttMF, 2018-06-20T18:02:32Z, Refund via API, 13984, USD, 309, USD, APPROVED, {Weblinc Order ID: W6415440528}
GsVuR12RovXpI6HteVk5S, 2018-06-20T18:01:14Z, 432CD4YSJ4PYT, t90UM74rg7yIOkYeZgNvT2eeV, 5QmbOsmnYY6leHf9wD6hcsMF, 2018-06-20T18:01:14Z, Refund via API, 28800, USD, 637, USD, APPROVED, {Weblinc Order ID: W3295365338}
ymz4LdWS52sBj3eZnT15S, 2018-06-20T17:59:04Z, 432CD4YSJ4PYT, neKY3QryzIfb1z9GWMgHdHseV, AA6xTN9QfTznrvKPQOqYMyMF, 2018-06-20T17:59:04Z, Refund via API, 32600, USD, 720, USD, APPROVED, {Weblinc Order ID: W7637023782}
8NYQ4IBWh4V0DDcsIys5S, 2018-06-20T17:48:41Z, 432CD4YSJ4PYT, LqBdNfXWaVbKOzoH35jtsd6eV, AQobJi2WvbJeCSMF0ZQtSwMF, 2018-06-20T17:48:41Z, Refund via API, 21118, USD, 467, USD, APPROVED, {Weblinc Order ID: W9904276371}
IhfqtAC7OVKPq7yfliB6S, 2018-06-20T17:47:53Z, 432CD4YSJ4PYT, r40zLzhXuMPFLWsepp8yzqmeV, Nnx3exyF4tHn31TsleenwwMF, 2018-06-20T17:47:53Z, Refund via API, 10200, USD, 225, USD, APPROVED, {Weblinc Order ID: W4958144597}
EHri3WwSWx5Y1RbpNor5S, 2018-06-20T17:47:42Z, 432CD4YSJ4PYT, H8lKBNlLbtKHgqU62JqPo4yeV, qtoVgIkcSsqlAR16estIC0MF, 2018-06-20T17:47:42Z, Refund via API, 34207, USD, 756, USD, APPROVED, {Weblinc Order ID: W7712493091}
YxNtsoCe0Qe3uOlO6MA6S, 2018-06-20T17:46:30Z, 432CD4YSJ4PYT, F3dVy4VlJQYudH9zNqIeoCneV, yT3kkyJPkGuuBkipCyJsFzMF, 2018-06-20T17:46:30Z, Refund via API, 48064, USD, 1062, USD, APPROVED, {Weblinc Order ID: W2409508443}
2Mx0aLwbs60jTjCUnw15S, 2018-06-20T17:42:26Z, 432CD4YSJ4PYT, Hi6hWso0miQJJNkqQpevmB0eV, RDVbMmqndaS0SdSS9dYknsMF, 2018-06-20T17:42:26Z, Refund via API, 9800, USD, 217, USD, APPROVED, {Weblinc Order ID: W5131818649}
auPLwDXPA14fvY03J9y5S, 2018-06-20T17:40:10Z, 432CD4YSJ4PYT, XItPWvhOc4KlGkGZ3J6K65zeV, pHrdaATXuDuuMPMVPU1R8wMF, 2018-06-20T17:40:10Z, Refund via API, 53599, USD, 1184, USD, APPROVED, {Weblinc Order ID: W3350037519}
mATyIhjGUSSJZkfTr6l5S, 2018-06-20T17:35:19Z, 432CD4YSJ4PYT, FzxoG0JKXv584c5c3Px4pixeV, JezxNfSGpluveC52rqduVuMF, 2018-06-20T17:35:19Z, Refund via API, 17800, USD, 393, USD, APPROVED, {Weblinc Order ID: W2715186860}
EJM2nloX5AEej0HnFF95S, 2018-06-20T17:34:44Z, 432CD4YSJ4PYT, hbqQ1VqMzf14brWN2mo8mbveV, WTppbEs8iLahkjZ3Kj42RuMF, 2018-06-20T17:34:44Z, Refund via API, 14850, USD, 329, USD, APPROVED, {Weblinc Order ID: W6429309857}
EvFLEjQ20ygOIMf1fNq5S, 2018-06-20T17:31:39Z, 432CD4YSJ4PYT, RjoPVAwC7feA8G9zFNBBzUxeV, GCCHVUpAeNChiUOxYrAKsyMF, 2018-06-20T17:31:39Z, Refund via API, 12800, USD, 283, USD, APPROVED, {Weblinc Order ID: W4460839583}
oDyJ6yf74FKXVArHcfx5S, 2018-06-20T17:27:31Z, 432CD4YSJ4PYT, DoQWy1pGosheokBnZdLRpA4eV, M4Fipb6Cy6HAeZnQZqW1QtMF, 2018-06-20T17:27:31Z, Refund via API, 46599, USD, 1030, USD, APPROVED, {Weblinc Order ID: W7507821256}
0rJyxyWrB0FtpP1uRf45S, 2018-06-20T17:17:51Z, 432CD4YSJ4PYT, VtWyiXEKGAmtbUTW2IzjHjseV, DkicDJtlEh20pykUYnGNJvMF, 2018-06-20T17:17:51Z, Refund via API, 8063, USD, 178, USD, APPROVED, {Weblinc Order ID: W2970831658}
wTMpH9AfmpBNpGrX10o5S, 2018-06-20T17:12:59Z, 432CD4YSJ4PYT, ZveGCHevmtM0d4tE8C7ZXCgeV, l6D5PAhj2zjt64F2Z95amvMF, 2018-06-20T17:12:59Z, Refund via API, 6900, USD, 152, USD, APPROVED, {Weblinc Order ID: W9057474619}
Ad9HWt68WB3fT6JDvP55S, 2018-06-20T17:10:18Z, 432CD4YSJ4PYT, J5hbKx0QUpnxiUePdlzwhRzeV, tGDv7Yxiaad26RJQjZFYqsMF, 2018-06-20T17:10:18Z, Refund via API, 17600, USD, 389, USD, APPROVED, {Weblinc Order ID: W5658719873}
4pTaEn8a6U6OvZCrA135S, 2018-06-20T17:05:26Z, 432CD4YSJ4PYT, fQheXQ2XNG0moEcPLQYbBOkeV, MANTQeiiOnUgOHpgK6lmKwMF, 2018-06-20T17:05:26Z, Refund via API, 30063, USD, 664, USD, APPROVED, {Weblinc Order ID: W6009836950}
81UKHKHG30Zc1kOTOR35S, 2018-06-20T16:59:38Z, 432CD4YSJ4PYT, dvvlppMRKFe6DZVDxMi5aPpeV, iv5qSqT5E2h4QAFIAgdDrxMF, 2018-06-20T16:59:38Z, Refund via API, 32100, USD, 710, USD, APPROVED, {Weblinc Order ID: W8578403540}
YzsoWwxFVVMOWbUirXm5S, 2018-06-20T16:56:34Z, 432CD4YSJ4PYT, TwMGPjppLIB4CmAFmxJQKqueV, d2vILX3YUJprQTEaVbihztMF, 2018-06-20T16:56:34Z, Refund via API, 7800, USD, 173, USD, APPROVED, {Weblinc Order ID: W7132591370}
qmNGiqHqAGjl3mxPKo65S, 2018-06-20T16:56:05Z, 432CD4YSJ4PYT, ppp1zIXGVrFfEcZsVfln5KpeV, M0VD26mN6HtgE4Vd8y0w5tMF, 2018-06-20T16:56:05Z, Refund via API, 10609, USD, 235, USD, APPROVED, {Weblinc Order ID: W3150166628}
yedBAnClBcj2v5ucaXu5S, 2018-06-20T16:55:20Z, 432CD4YSJ4PYT, BZb9XqlO8Y9DXT0QJQ5plz3eV, zdJGEWGAnzCH16A8qv4YgtMF, 2018-06-20T16:55:20Z, Refund via API, 16600, USD, 367, USD, APPROVED, {Weblinc Order ID: W1127875673}
EVMXDqmSrMTgXWxOfbn5S, 2018-06-20T16:54:21Z, 432CD4YSJ4PYT, zU68vkol1rnkd9dcL13ZuXyeV, tkR0OC8ORWkCN2U5OJF4vsMF, 2018-06-20T16:54:21Z, Refund via API, 19800, USD, 437, USD, APPROVED, {Weblinc Order ID: W2246445290}
a4wjPExmSXpphNBpx745S, 2018-06-20T16:53:41Z, 432CD4YSJ4PYT, nSeh1shWn4B0fhx8BLbhBaheV, tznP71TqdMC0G02gB2B8iyMF, 2018-06-20T16:53:41Z, Refund via API, 32100, USD, 709, USD, APPROVED, {Weblinc Order ID: W1436626797}
UrFYLQa8uhsofWgGbH95S, 2018-06-20T16:53:20Z, 432CD4YSJ4PYT, lFc9kxs4d44IcamOrcJcJaweV, d7wxbxPro5hxVKzEarsRItMF, 2018-06-20T16:53:20Z, Refund via API, 14800, USD, 327, USD, APPROVED, {Weblinc Order ID: W3668013730}
CyfdbBTqnu7sR7na6xl5S, 2018-06-20T16:49:16Z, 432CD4YSJ4PYT, LIWKUqY0hCOtw41doWOhbZxeV, 4tRf9v21jRh3KSJXacY01yMF, 2018-06-20T16:49:16Z, Refund via API, 4161, USD, 92, USD, APPROVED, {Weblinc Order ID: W6293151742}
8ViRXkfCstFYVROVXb55S, 2018-06-20T16:46:10Z, 432CD4YSJ4PYT, tpIZBKlTuFQnjGTSi7DUx9leV, UbHcrCGd4SfYD723QLFTrxMF, 2018-06-20T16:46:10Z, Refund via API, 28800, USD, 636, USD, APPROVED, {Weblinc Order ID: W6268172907}
sFISBoYq73mMWvotG9B6S, 2018-06-20T16:42:12Z, 432CD4YSJ4PYT, Dqt0s4YgnJCAdi4bFYBQ5UpeV, Pewiz0aKxyUV56evsSS1NzMF, 2018-06-20T16:42:12Z, Refund via API, 46652, USD, 1031, USD, APPROVED, {Weblinc Order ID: W8010374878}
qUkuQrLF8zAQ0vdYhxk5S, 2018-06-20T16:41:19Z, 432CD4YSJ4PYT, t3b9QgODuPAMBu9bZc4v3w4eV, 7fh42Rf1oCV4B1ev50QP4vMF, 2018-06-20T16:41:19Z, Refund via API, 23735, USD, 525, USD, APPROVED, {Weblinc Order ID: W6908409425}
0ZwYGdyFT6qrem4pTRn5S, 2018-06-20T16:19:06Z, 432CD4YSJ4PYT, Pao7UPwTlVIEeO0XPk7APpneV, vr9evHZFpxe3uKYumLYlAvMF, 2018-06-20T16:19:06Z, Refund via API, 54305, USD, 1200, USD, APPROVED, {Weblinc Order ID: W2678439422}
CAIwofNN8hOTtgcS6Om5S, 2018-06-20T16:15:13Z, 432CD4YSJ4PYT, RR7jQynTEBk2CMzW1i1BwnheV, YD8j6px2RXb9AiJppN4vQzMF, 2018-06-20T16:15:13Z, Refund via API, 16350, USD, 361, USD, APPROVED, {Weblinc Order ID: W7862094908}
6Y2iLe9W7hsP8vDldA35S, 2018-06-20T16:02:26Z, 432CD4YSJ4PYT, RB7vq1Ny5ZJcblSkErWjBzmeV, p49tIWJO27SDMXEbZ0umsxMF, 2018-06-20T16:02:26Z, Refund via API, 42244, USD, 934, USD, APPROVED, {Weblinc Order ID: W3199675921}
ARB0CFqHKtMEu4yYrox5S, 2018-06-20T16:00:52Z, 432CD4YSJ4PYT, FbLpnRzzwtxnjYfwWYScx6seV, SQKVBxrOYHD41OVSuZXrGtMF, 2018-06-20T16:00:52Z, Refund via API, 58200, USD, 0, USD, REJECTED, {Weblinc Order ID: W7514688325}
q80kGY9CA9MqC3m1AQ05S, 2018-06-20T15:58:25Z, 432CD4YSJ4PYT, LmnNv7AUUY7fOuP8ZFxDZNneV, k9wIzSU2GS50SRs95531YxMF, 2018-06-20T15:58:25Z, Refund via API, 17600, USD, 389, USD, APPROVED, {Weblinc Order ID: W2815595283}
ANPYsVZgmghzjVUg8yl5S, 2018-06-20T15:57:30Z, 432CD4YSJ4PYT, dPBe1hqPhy8kjDgxNQQwAz3eV, XyRlWHGkHKYYaavYaUtyBwMF, 2018-06-20T15:57:30Z, Refund via API, 19050, USD, 421, USD, APPROVED, {Weblinc Order ID: W5148262254}
oBHwmjEKaIACCjDnqv55S, 2018-06-20T15:52:44Z, 432CD4YSJ4PYT, JHsDHYd2aILi4iALqGGutq8eV, rnuTXTEpKdF4iowRVwW8MwMF, 2018-06-20T15:52:44Z, Refund via API, 20100, USD, 445, USD, APPROVED, {Weblinc Order ID: W4180627760}
a8gGVaKVPXM6JNTjegu5S, 2018-06-20T15:50:13Z, 432CD4YSJ4PYT, xVbM152O6Cjf5gT9uWpv4ezeV, cpeOeUcsQPI69DIZIFGanyMF, 2018-06-20T15:50:13Z, Refund via API, 17700, USD, 0, USD, REJECTED, {Weblinc Order ID: W8782479116}
euUoBFXNRtWu7jIuyhm5S, 2018-06-20T15:49:30Z, 432CD4YSJ4PYT, xVbM152O6Cjf5gT9uWpv4ezeV, cpeOeUcsQPI69DIZIFGanyMF, 2018-06-20T15:49:30Z, Refund via API, 17700, USD, 0, USD, REJECTED, {Weblinc Order ID: W8782479116}
cXvpcF1ZTdMRTsjHD3p5S, 2018-06-20T15:46:09Z, 432CD4YSJ4PYT, zqdOKYGlPWYC4eMojHOCIQfeV, Fc3G1l0ACM5yCCypWk8wKzMF, 2018-06-20T15:46:09Z, Refund via API, 17800, USD, 394, USD, APPROVED, {Weblinc Order ID: W1253499050}
Ip5V5EB5ZWLyCsqjzer5S, 2018-06-20T15:44:53Z, 432CD4YSJ4PYT, hTGKyTFPuBwdsLvoZczn9JweV, qur5mhRXdXREftmx6pHg5tMF, 2018-06-20T15:44:53Z, Refund via API, 23735, USD, 524, USD, APPROVED, {Weblinc Order ID: W4729434713}
GKQUvISTNGRKw54lv5n5S, 2018-06-20T15:43:36Z, 432CD4YSJ4PYT, z4cEB5OZPl4z7cLkUH5anSmeV, C0x8owauGYCsfyp8Wt0o6xMF, 2018-06-20T15:43:36Z, Refund via API, 13936, USD, 308, USD, APPROVED, {Weblinc Order ID: W3956338150}
688Q9uPKsSSh79tfsBr5S, 2018-06-20T15:41:46Z, 432CD4YSJ4PYT, bgoxhuTYmjuneb2q4SBnrC5eV, XuBqNSgsfVnkcwjb9cjzbvMF, 2018-06-20T15:41:46Z, Refund via API, 21800, USD, 482, USD, APPROVED, {Weblinc Order ID: W1411986553}
WEz7Ey673Imxh1nFjI05S, 2018-06-20T15:41:12Z, 432CD4YSJ4PYT, nAPsSLPvvg1r2cGOiZxazOueV, PUFgjXFdJJ179TkeQCSX7xMF, 2018-06-20T15:41:12Z, Refund via API, 27001, USD, 597, USD, APPROVED, {Weblinc Order ID: W2226778682}
OOkEcBI3MyQ7DUkjbOx5S, 2018-06-20T15:37:58Z, 432CD4YSJ4PYT, pPSMRoPtQUQRhVyrOix69QneV, 2hFxzXU63iThOR8s3QFWWuMF, 2018-06-20T15:37:58Z, Refund via API, 220000, USD, 4862, USD, APPROVED, {Weblinc Order ID: W5146728559}
umGtjSqPqlHAr7K7nTk5S, 2018-06-20T15:37:40Z, 432CD4YSJ4PYT, dj53Sxt6AREDFO6WXkkOT6geV, 5bpNI8IxhS9qERsMSuAnXsMF, 2018-06-20T15:37:40Z, Refund via API, 21800, USD, 482, USD, APPROVED, {Weblinc Order ID: W8888185265}
EjT7NSq4MRlhOqEMhPl5S, 2018-06-20T15:34:56Z, 432CD4YSJ4PYT, xRtA8WQwOGO2BLiusv9L8X2eV, mFf6Zz3pHzupearggaUz2tMF, 2018-06-20T15:34:56Z, Refund via API, 9800, USD, 217, USD, APPROVED, {Weblinc Order ID: W1764782505}
66NroNqRC1whmjOPTpw5S, 2018-06-20T15:30:16Z, 432CD4YSJ4PYT, 744f9i9Dt7CxTCYDp7InCUjeV, 4ZtEO7JDqhv5Qlfg9nCmdzMF, 2018-06-20T15:30:16Z, Refund via API, 31174, USD, 688, USD, APPROVED, {Weblinc Order ID: W7964277442}
qSpVqFm0MyW38hFa6q55S, 2018-06-20T15:29:40Z, 432CD4YSJ4PYT, txyq2xNMloz6xl3uDhTAsEieV, 7jYES5KQJzUI18WHvjETozMF, 2018-06-20T15:29:40Z, Refund via API, 81167, USD, 1794, USD, APPROVED, {Weblinc Order ID: W2475673058}
U7LHJji6qjmB2wqAvou5S, 2018-06-20T15:25:29Z, 432CD4YSJ4PYT, pLS1Bc4Qi8fBleCHmkRVZZreV, 9o9KMTfLcuyZMdDwPNizczMF, 2018-06-20T15:25:29Z, Refund via API, 23599, USD, 522, USD, APPROVED, {Weblinc Order ID: W5431831284}
QlT85oCrAVKQDhziKf05S, 2018-06-20T15:25:12Z, 432CD4YSJ4PYT, pLS1Bc4Qi8fBleCHmkRVZZreV, 9o9KMTfLcuyZMdDwPNizczMF, 2018-06-20T15:25:12Z, Refund via API, 16021, USD, 354, USD, APPROVED, {Weblinc Order ID: W5431831284}
crB7j9vegoXARwLqC6j5S, 2018-06-20T15:25:04Z, 432CD4YSJ4PYT, lReRJAjvGPDk9E8ITB8NoHpeV, JiDkXDjyv4DNJPpD1wnltxMF, 2018-06-20T15:25:04Z, Refund via API, 62713, USD, 1386, USD, APPROVED, {Weblinc Order ID: W9420893279}
4pRRA7SyY6uqL6Jqqbx5S, 2018-06-20T15:24:36Z, 432CD4YSJ4PYT, 3UL3gEcQbdWUz9uuFrgQVZ0eV, d8eHWH82u0h1qUcUPIM6ovMF, 2018-06-20T15:24:36Z, Refund via API, 19800, USD, 438, USD, APPROVED, {Weblinc Order ID: W4495757702}
2uGi0VWzDzQuClFiWZk5S, 2018-06-20T15:23:03Z, 432CD4YSJ4PYT, J9li9vxFYwHZJNU9qMd7iM3eV, DvA8jmKC4iglTfU5XnSFsvMF, 2018-06-20T15:23:03Z, Refund via API, 23700, USD, 524, USD, APPROVED, {Weblinc Order ID: W7538152503}
YVxct5z7jV27NvaSETm5S, 2018-06-20T15:15:05Z, 432CD4YSJ4PYT, L6d3hNjUtlvxaaCesJoKNgoeV, xpMSSjKbrAhNBxreI58RYtMF, 2018-06-20T15:15:05Z, Refund via API, 22570, USD, 499, USD, APPROVED, {Weblinc Order ID: W6053203004}
eMVnaMLG6clKTRW1jvs5S, 2018-06-20T15:14:14Z, 432CD4YSJ4PYT, XG0n8LQRdNiKu6NQIkuEJfjeV, EzPPH7KdxO0psEFHXKV6XsMF, 2018-06-20T15:14:14Z, Refund via API, 22069, USD, 488, USD, APPROVED, {Weblinc Order ID: W6290962675}
GwRJiMTAbja087N8C645S, 2018-06-20T15:13:32Z, 432CD4YSJ4PYT, bA6k6CHqpyGwOmWjFq6RvaheV, E2WVvQRRcP4Iu0VW8Up2DzMF, 2018-06-20T15:13:32Z, Refund via API, 22069, USD, 488, USD, APPROVED, {Weblinc Order ID: W7441725620}
ec1VNDmeMG2GaaNx9ty5S, 2018-06-20T14:53:40Z, 432CD4YSJ4PYT, VBIeidc2FTuGdfWYYqNJsnueV, teNg1mHDqzvEIj2XVh2YixMF, 2018-06-20T14:53:40Z, Refund via API, 21800, USD, 482, USD, APPROVED, {Weblinc Order ID: W7511740808}
aehCBXEMraglTphaOkm5S, 2018-06-20T06:19:34Z, 432CD4YSJ4PYT, 7KzcPGJ47l3MboNaVgQ2oSfeV, TMdeMzpmLwcQNebhup5qVxMF, 2018-06-20T06:19:34Z, 25% Promo Order, 6200, USD, 137, USD, APPROVED, {Weblinc Order ID: W5047570650}
EvhHTTCGIgeZdO03lgq5S, 2018-06-20T05:58:48Z, 432CD4YSJ4PYT, Jx7eeiANBQb2Ji5DeGCulrqeV, bjCUAootGXg4Me3CmwWZEvMF, 2018-06-20T05:58:48Z, Test order, 109, USD, 2, USD, APPROVED, {Weblinc Order ID: W7303444631}
4j4m4L4XpaKFbuQfZj95S, 2018-06-20T05:58:00Z, 432CD4YSJ4PYT, FXhPQnZEFG0iVKTLFlmIpFzeV, hAfEnLFBJUxg73nUXkSX9uMF, 2018-06-20T05:58:00Z, Test order, 109, USD, 2, USD, APPROVED, {Weblinc Order ID: W2840683420}
WYRbTEyZU7Vp9H9f7Tx5S, 2018-06-20T05:53:29Z, 432CD4YSJ4PYT, bI2md0YccXabXMNfJH37BsneV, K1st3HGyWGUfzBmNhKpDfwMF, 2018-06-20T05:53:29Z, Refund via API, 3066, USD, 68, USD, APPROVED, {Weblinc Order ID: W7252750335}
YTShXXaKFpHcOtwXjgt5S, 2018-06-20T04:46:56Z, 432CD4YSJ4PYT, T8c1IJHhwpdOTzdNklJtg7teV, SBOZpv0wcBNxYV0R4AtLkyMF, 2018-06-20T04:46:56Z, Refund via API, 19600, USD, 433, USD, APPROVED, {Weblinc Order ID: W5685944306}
WQT4M66hV2MLOsx6A165S, 2018-06-20T04:46:29Z, 432CD4YSJ4PYT, DCtY7pGVaGTe9Fb8YCg1mi0eV, P6eYOP0l3GwuyDTl9cO2WxMF, 2018-06-20T04:46:29Z, Refund via API, 21218, USD, 469, USD, APPROVED, {Weblinc Order ID: W8631698484}
iC12ujprwAd3JwdV4ot5S, 2018-06-20T04:46:00Z, 432CD4YSJ4PYT, PysJtlnFAhBzIGpCgXMYCngeV, XLJmi7qX2dN9cy30Xyz5czMF, 2018-06-20T04:46:00Z, Refund via API, 23735, USD, 525, USD, APPROVED, {Weblinc Order ID: W4134331798}
WmGwqelKHIvvVf84hqu5S, 2018-06-20T04:45:41Z, 432CD4YSJ4PYT, tt4U1DbKhrdumqMXTfZil65eV, K2Hj9p0lLtdypRavfPaaHuMF, 2018-06-20T04:45:41Z, Refund via API, 9800, USD, 217, USD, APPROVED, {Weblinc Order ID: W9264976388}
mWy6PbUEvWqf8x96fck5S, 2018-06-20T04:45:19Z, 432CD4YSJ4PYT, 7QsxsYuxKOlnVSx9xp8M01seV, lJ63yRWQtg95Jyrkrn6s0xMF, 2018-06-20T04:45:19Z, Refund via API, 10731, USD, 237, USD, APPROVED, {Weblinc Order ID: W2501226199}
APEWq1AspisrKM6hCDr5S, 2018-06-20T04:44:55Z, 432CD4YSJ4PYT, jCbNITjtCUFOoUEMBLWxwDfeV, 0pcd6oDwixFfXli2WJfxlzMF, 2018-06-20T04:44:55Z, Refund via API, 9800, USD, 216, USD, APPROVED, {Weblinc Order ID: W4557572069}
UlgtSUrzTtcs10UNNNy5S, 2018-06-20T04:43:56Z, 432CD4YSJ4PYT, 1lUzIRFXusjuc93uyBBOMs6eV, CHVBGLKTuDP2jFh8CA9iWwMF, 2018-06-20T04:43:56Z, Refund via API, 10559, USD, 233, USD, APPROVED, {Weblinc Order ID: W9785518013}
KA28kQ5hfjB2FVTZSlk5S, 2018-06-20T04:42:15Z, 432CD4YSJ4PYT, tlkcfgvptU1vjSlQS1D8jc5eV, HdgKUSMs3cKHFsq0KlXjnzMF, 2018-06-20T04:42:15Z, Refund via API, 9800, USD, 217, USD, APPROVED, {Weblinc Order ID: W6832442930}
IFxsGK7HkvN3npNyCdr5S, 2018-06-20T04:41:51Z, 432CD4YSJ4PYT, PINaI1fgT8HbBjzePCwhrA0eV, YY3cyz9HnzQgJkREVYuZAxMF, 2018-06-20T04:41:51Z, Refund via API, 9800, USD, 217, USD, APPROVED, {Weblinc Order ID: W8141710328}
UblgbDG6hcJ2uqAheEw5S, 2018-06-20T04:40:04Z, 432CD4YSJ4PYT, l9aySv4wkkpWqiuuNfUCYdieV, 5VSBOOXQdez6zBHkrm4m7xMF, 2018-06-20T04:40:04Z, Refund via API, 10609, USD, 234, USD, APPROVED, {Weblinc Order ID: W1998650721}
kvHAqeM7PGtIxNd38lw5S, 2018-06-20T04:39:40Z, 432CD4YSJ4PYT, ltWAg1BCPOO5esLbm9GAHnyeV, AeE27t3iiuqszx1iPYu9yzMF, 2018-06-20T04:39:40Z, Refund via API, 9800, USD, 217, USD, APPROVED, {Weblinc Order ID: W2414403324}
ukn8iygROBbXPditejr5S, 2018-06-20T04:38:39Z, 432CD4YSJ4PYT, VT9YOgnXWlSPiifnV1rVeRmeV, 6E2vJjBSHxteI1U25gaxauMF, 2018-06-20T04:38:39Z, Refund via API, 9800, USD, 217, USD, APPROVED, {Weblinc Order ID: W9801231687}
4phl4K9W4vamcIn224t5S, 2018-06-20T04:37:55Z, 432CD4YSJ4PYT, Bzw5vqcwmd2qXRAlZyl2IS0eV, FMTTahfFTnVMqs3vKuzG8uMF, 2018-06-20T04:37:55Z, Refund via API, 10609, USD, 235, USD, APPROVED, {Weblinc Order ID: W5016502849}
I9Ldl1h4QvqarEDu6Nt5S, 2018-06-20T04:36:11Z, 432CD4YSJ4PYT, PSQ9QQrbBSfXA0VLcA62Xu5eV, 2ZYctcYOM03WG3XGvZKYgzMF, 2018-06-20T04:36:11Z, Refund via API, 5172, USD, 114, USD, APPROVED, {Weblinc Order ID: W4813356708}
KSlzsd6gTOYpKKGYDq05S, 2018-06-20T04:31:13Z, 432CD4YSJ4PYT, JPyy6u1u02fQza13K7DlMv0eV, cIWmtuomH0KyY47v0UFikxMF, 2018-06-20T04:31:13Z, Refund via API, 4800, USD, 106, USD, APPROVED, {Weblinc Order ID: W9326600645}
UfBvUBfEr8am2Fynl975S, 2018-06-20T04:29:06Z, 432CD4YSJ4PYT, FH7gGylOAIhnlJSqsB2nFr9eV, Ywh0d0loAtPHjPvuxLuoMxMF, 2018-06-20T04:29:06Z, Refund via API, 17600, USD, 389, USD, APPROVED, {Weblinc Order ID: W4294876504}
opb8cLcG0dVR0RFTiG55S, 2018-06-20T04:28:29Z, 432CD4YSJ4PYT, tLzWrLh58sIklQnMl5pTxhneV, 99AMIGD0HkOelZoSQ0DoYwMF, 2018-06-20T04:28:29Z, Refund via API, 9800, USD, 217, USD, APPROVED, {Weblinc Order ID: W4643901777}
8XVEyrxoJQCNf8tqGf75S, 2018-06-20T04:28:03Z, 432CD4YSJ4PYT, ToGbQUk9ozqksjvodWRZCk6eV, 9rUyhHsjKyqg3PdLPdUogwMF, 2018-06-20T04:28:03Z, Refund via API, 9800, USD, 217, USD, APPROVED, {Weblinc Order ID: W3175429927}
CoWTjpuO2gEBFCqSZdv5S, 2018-06-20T04:27:15Z, 432CD4YSJ4PYT, 72PzXZxHQJUQdWIzpe2LrLqeV, HcYFZRpZl4Li2XWtdx0QHyMF, 2018-06-20T04:27:15Z, Refund via API, 13936, USD, 308, USD, APPROVED, {Weblinc Order ID: W3324237423}
EHdV6T3btBfMBs5zI3u5S, 2018-06-20T04:25:41Z, 432CD4YSJ4PYT, pRDERoVPQaZliibafQVtp0heV, qBgOm6H83KBSbUcuCwAuCxMF, 2018-06-20T04:25:41Z, Refund via API, 23817, USD, 527, USD, APPROVED, {Weblinc Order ID: W7105886799}
G0RomQ0gwW9GK75jOD05S, 2018-06-20T04:25:08Z, 432CD4YSJ4PYT, TW5PTOLIh7HVj2IcXeyDEQ5eV, Yd350Xrus1vYQuVol1eE7zMF, 2018-06-20T04:25:08Z, Refund via API, 12800, USD, 283, USD, APPROVED, {Weblinc Order ID: W1621027957}
iaNMeTF8m56ycVAXLm45S, 2018-06-20T04:20:12Z, 432CD4YSJ4PYT, HqWlgpJr36Dle6RNRZgQWCzeV, iKD3EyN8wtMHGhFEmkPN0sMF, 2018-06-20T04:20:12Z, Refund via API, 21800, USD, 481, USD, APPROVED, {Weblinc Order ID: W4247056063}
C4y5Vfwc9BU7ei74zTu5S, 2018-06-20T04:19:44Z, 432CD4YSJ4PYT, JrubXQZmzQZrf6ca924TuBmeV, ciZ0U2RxePiHdEy6hQc9ZzMF, 2018-06-20T04:19:44Z, Refund via API, 23735, USD, 525, USD, APPROVED, {Weblinc Order ID: W5997428765}
a4OyxfgHc4QC7dCvSj55S, 2018-06-20T04:17:55Z, 432CD4YSJ4PYT, fKiUV8J1Bi5E8W8KINulz9teV, cBqspyIL64bivAzxrKrlGzMF, 2018-06-20T04:17:55Z, Refund via API, 9800, USD, 217, USD, APPROVED, {Weblinc Order ID: W8604986734}
OGGPiymfUVM3lCj3PqA6S, 2018-06-20T04:16:43Z, 432CD4YSJ4PYT, 3mmwoAIyZwMOV02MYlTwGn1eV, jnV9oyz2mnm1djg7GKqaztMF, 2018-06-20T04:16:43Z, Refund via API, 21218, USD, 469, USD, APPROVED, {Weblinc Order ID: W4076682023}
sxWani5Q8Ezmucrkyn25S, 2018-06-20T04:15:44Z, 432CD4YSJ4PYT, x15diJ8WZhlrrCwcLugObloeV, SULBAEyU9as6jJ9bhj35suMF, 2018-06-20T04:15:44Z, Refund via API, 10805, USD, 239, USD, APPROVED, {Weblinc Order ID: W5189804160}
yY255rZn1I75dhjPQav5S, 2018-06-20T04:14:47Z, 432CD4YSJ4PYT, PodKUZuVzr7UACYArSiYnrjeV, J9X21wmmydzqzarEZ0RTnxMF, 2018-06-20T04:14:47Z, Refund via API, 19800, USD, 438, USD, APPROVED, {Weblinc Order ID: W1127279666}
mMtM4HEq5J1HRBoBO1q5S, 2018-06-20T04:14:20Z, 432CD4YSJ4PYT, fsJ3tyrFvTlsZVgACiOJH91eV, uByPz9zMyUdAwHHi4EIwTxMF, 2018-06-20T04:14:20Z, Refund via API, 10731, USD, 237, USD, APPROVED, {Weblinc Order ID: W6310362756}
SSpeus4RM4hsCQTMsov5S, 2018-06-20T04:13:58Z, 432CD4YSJ4PYT, Vj1cqrP3cxZaxdw7n91JnuleV, z4cicpJc8QQKS5uN9b1jjxMF, 2018-06-20T04:13:58Z, Refund via API, 9800, USD, 216, USD, APPROVED, {Weblinc Order ID: W4166232302}
WQVBwApfMAJpPGfOw3r5S, 2018-06-20T04:12:56Z, 432CD4YSJ4PYT, RB92HihCriY7svZc2YIS1NieV, eZE8kQGQCoWAgId3tvHG5tMF, 2018-06-20T04:12:56Z, Refund via API, 9800, USD, 216, USD, APPROVED, {Weblinc Order ID: W6240381883}
yeHMl4eKKCuWIWhqNT25S, 2018-06-20T04:11:47Z, 432CD4YSJ4PYT, xH6zDXYFSc0lmASTG97YQQpeV, e7a9FWr8IyEoHuMGHgH6cyMF, 2018-06-20T04:11:47Z, Refund via API, 10706, USD, 237, USD, APPROVED, {Weblinc Order ID: W6238137607}
ItVcyy76uBJbVHbZOyu5S, 2018-06-20T04:11:21Z, 432CD4YSJ4PYT, lzb9soPvikVFWtssZrDIuljeV, C8AZUNwmVZcs1mkfCBHG9uMF, 2018-06-20T04:11:21Z, Refund via API, 21389, USD, 473, USD, APPROVED, {Weblinc Order ID: W1957983874}
GYnERTWBlI82OKmEow25S, 2018-06-20T04:10:30Z, 432CD4YSJ4PYT, ZPYRjigVTzWTgqTFd14GsT2eV, iBjqe7av8WGgYeNf09hUWzMF, 2018-06-20T04:10:30Z, Refund via API, 9800, USD, 216, USD, APPROVED, {Weblinc Order ID: W2617156130}
uwLDOyyakQiiLjzRpnm5S, 2018-06-20T04:10:07Z, 432CD4YSJ4PYT, H8bp9MarqoxGxAe56yJWQw6eV, XJfVG9iOqTzNp4qBlbADVzMF, 2018-06-20T04:10:07Z, Refund via API, 4161, USD, 92, USD, APPROVED, {Weblinc Order ID: W2816209980}
Ml0u20r4ai4PgE59lk75S, 2018-06-20T04:09:00Z, 432CD4YSJ4PYT, pN5oVcFuHjlAwXW8ScY8gc2eV, pwrttu9YtOG90Sch5GhtCwMF, 2018-06-20T04:09:00Z, Refund via API, 13936, USD, 308, USD, APPROVED, {Weblinc Order ID: W5712245861}
MZqYUSo07DOGSo9ikd05S, 2018-06-20T04:08:30Z, 432CD4YSJ4PYT, DWzy9dVoGCWD9j7vgunETd1eV, 8mKFGHvpbArmigr7U9tWRyMF, 2018-06-20T04:08:30Z, Refund via API, 10731, USD, 237, USD, APPROVED, {Weblinc Order ID: W3585956543}
ovWq3c4lQHYaDp4cduo5S, 2018-06-20T04:06:37Z, 432CD4YSJ4PYT, xFPskCtlfuLgRY2EcHdQ1joeV, WChP7Ke1eJWj8CnGsmyquwMF, 2018-06-20T04:06:37Z, Refund via API, 10780, USD, 238, USD, APPROVED, {Weblinc Order ID: W1204644690}
4RhHgLrMWg8Lxb0ZM0t5S, 2018-06-20T04:06:09Z, 432CD4YSJ4PYT, xtnQfDdsi97TIjNuJfnp4D2eV, qhjzqfdIZkTAekq3jYgTBxMF, 2018-06-20T04:06:09Z, Refund via API, 3066, USD, 68, USD, APPROVED, {Weblinc Order ID: W3741188305}
2YjUHTm9unVrb6OXGFC6S, 2018-06-20T04:05:04Z, 432CD4YSJ4PYT, js26ni6VVPPw3jvW2qAzYf2eV, 9QToKEmRlH6mmf7Jr9hsFvMF, 2018-06-20T04:05:04Z, Refund via API, 17219, USD, 381, USD, APPROVED, {Weblinc Order ID: W8091629798}
QvICKNy8pIhW8LM1Hzw5S, 2018-06-20T04:00:15Z, 432CD4YSJ4PYT, rmTFQY6MDQEBIxpiICQFayteV, LNcoYSZFhdiaFABJwd3NPvMF, 2018-06-20T04:00:15Z, Refund via API, 5196, USD, 115, USD, APPROVED, {Weblinc Order ID: W9034295520}
u4Za7ujOg9kCrHE8yIo5S, 2018-06-20T03:55:58Z, 432CD4YSJ4PYT, JzQUUKCT21lwCvqIn0u0iBseV, SIMI8nKwbn602wEcnHRQcyMF, 2018-06-20T03:55:58Z, Refund via API, 29299, USD, 648, USD, APPROVED, {Weblinc Order ID: W9821182732}
sPbFLEhzrZkSNANzGjA6S, 2018-06-20T03:55:24Z, 432CD4YSJ4PYT, vQ7NTGWVVbl93Qv49IMxJxveV, Q3RJHJfIq6vyA33T0q0nYuMF, 2018-06-20T03:55:24Z, Refund via API, 21458, USD, 474, USD, APPROVED, {Weblinc Order ID: W5332756193}
wtpJnDCqtuwzyDlIoHq5S, 2018-06-20T01:55:35Z, 432CD4YSJ4PYT, RrkvdTIQBLJ14HrBiffFM3xeV, vEuNTRC0k42ADCvpLqkwnsMF, 2018-06-20T01:55:35Z, Refund via API, 17903, USD, 396, USD, APPROVED, {Weblinc Order ID: W4478477372}
o5TypMnNYQxOuTV3rnA6S, 2018-06-20T01:46:42Z, 432CD4YSJ4PYT, Tk0P8fyTyS4J4H9hlsNAwjzeV, 7U9usDpGFMVmPgkPQfmOtzMF, 2018-06-20T01:46:42Z, Refund via API, 24747, USD, 547, USD, APPROVED, {Weblinc Order ID: W1260214513}
YHYnNuqHO9bj9GxHsH85S, 2018-06-20T01:41:02Z, 432CD4YSJ4PYT, TUUDScJITTvfdP5p0aLd3HyeV, 9gRdsfuhNAuMWzOCOuVisvMF, 2018-06-20T01:41:02Z, Refund via API, 130333, USD, 2880, USD, APPROVED, {Weblinc Order ID: W4737429557}
47o0Y6nRBzW4O7Hn2Xs5S, 2018-06-20T01:36:39Z, 432CD4YSJ4PYT, XOG8XlKYCdcqPgFtwycPUAheV, nBZGkGkyRI90HYdlMZDOBzMF, 2018-06-20T01:36:39Z, Refund via API, 29346, USD, 649, USD, APPROVED, {Weblinc Order ID: W7196452647}
uWCD1a8VxhmchOUShEr5S, 2018-06-20T01:21:08Z, 432CD4YSJ4PYT, ZRhlvA01MEnDVNcp8JEktAAfV, H2sbVuOCsEvnVMlqBIAPwyMF, 2018-06-20T01:21:08Z, Refund via API, 18348, USD, 405, USD, APPROVED, {Weblinc Order ID: W7185583685}
EXTwWYZ4ye66vMKS96B6S, 2018-06-20T01:14:53Z, 432CD4YSJ4PYT, BLKmUljOhNrdOJRoY3TtHzxeV, YVKFrSYBYazz7nu2qv3QrtMF, 2018-06-20T01:14:53Z, ApplePay test order, 109, USD, 2, USD, APPROVED, {Weblinc Order ID: W9496334019}
ghDpqg6eBFTTljW41oz5S, 2018-06-20T01:10:00Z, 432CD4YSJ4PYT, b8E4fnq9pW5F3c5S8WEdMEseV, w4ZD8R2KuZ630PrRhMfJwsMF, 2018-06-20T01:10:00Z, Refund via API, 23871, USD, 528, USD, APPROVED, {Weblinc Order ID: W3917191092}
4ZTMfViglu9GiBqmTC05S, 2018-06-20T01:03:15Z, 432CD4YSJ4PYT, d9eVhkxD3Sb3O3NB30NsTHmeV, Zj87KpPpZykld6MybIB6LyMF, 2018-06-20T01:03:15Z, Refund via API, 3500, USD, 77, USD, APPROVED, {Weblinc Order ID: W2542272132}
Mz7EdeBJwaxSbseiic25S, 2018-06-20T00:52:53Z, 432CD4YSJ4PYT, JXMDd8qB6L9kv0Chrwt3nNjeV, FIkjp325DBAkFtfwCdZXitMF, 2018-06-20T00:52:53Z, Refund via API, 92442, USD, 2043, USD, APPROVED, {Weblinc Order ID: W2788158814}
ySRoNLmth9iNSqf9q5p5S, 2018-06-20T00:47:02Z, 432CD4YSJ4PYT, vuM692F4XzmkftEFNBK2cR4eV, aO0nMz3qVQcolyuGakXOIwMF, 2018-06-20T00:47:02Z, Refund via API, 30222, USD, 668, USD, APPROVED, {Weblinc Order ID: W1008830646}
8rhzFRfJV45Ko1xdLj65S, 2018-06-20T00:42:01Z, 432CD4YSJ4PYT, jk2OIo73XAzdWH1umz7tdfseV, KiHRIXaTm4KidLhhBT3YtwMF, 2018-06-20T00:42:01Z, Refund via API, 12011, USD, 265, USD, APPROVED, {Weblinc Order ID: W8698567913}
KoK8WLGzgdh1C50SQzA6S, 2018-06-20T00:33:51Z, 432CD4YSJ4PYT, fmoknc7xvV2CKJuvqsX88YreV, FjcrisXhcDN0dmfVPW88dtMF, 2018-06-20T00:33:51Z, ApplePay test order, 109, USD, 2, USD, APPROVED, {Weblinc Order ID: W3478994141}
UdCutk6bN5GutOb7Tz55S, 2018-06-20T00:31:32Z, 432CD4YSJ4PYT, Zz8WnhKrDrIGgu5FKK0j4mweV, 16BG3bt2Jy06stCpx4vi9wMF, 2018-06-20T00:31:32Z, Refund via API, 54250, USD, 1199, USD, APPROVED, {Weblinc Order ID: W3539813811}
